timestamp,biscuits,bread,cake,chewing gum,chips,chocolate,diapers,drinks,egg,household,snacks,stationary,low_stock_alerts,snapshot_path
2025-11-26 21:17:58,0,0,0,0,0,0,0,0,0,0,0,0,🚨 LOW STOCK ALERT: biscuits: 0 (Goal: >10) | bread: 0 (Goal: >5) | cake: 0 (Goal: >3) | chewing gum: 0 (Goal: >5) | chips: 0 (Goal: >5) | chocolate: 0 (Goal: >5) | diapers: 0 (Goal: >5) | drinks: 0 (Goal: >5) | egg: 0 (Goal: >5) | household: 0 (Goal: >5) | snacks: 0 (Goal: >5) | stationary: 0 (Goal: >5),snapshots_multiclass/low_stock_20251126_211757.jpg
2025-11-26 21:17:58,0,0,0,0,0,0,0,0,0,0,0,0,🚨 LOW STOCK ALERT: biscuits: 0 (Goal: >10) | bread: 0 (Goal: >5) | cake: 0 (Goal: >3) | chewing gum: 0 (Goal: >5) | chips: 0 (Goal: >5) | chocolate: 0 (Goal: >5) | diapers: 0 (Goal: >5) | drinks: 0 (Goal: >5) | egg: 0 (Goal: >5) | household: 0 (Goal: >5) | snacks: 0 (Goal: >5) | stationary: 0 (Goal: >5),snapshots_multiclass/low_stock_20251126_211758.jpg
2025-11-26 21:17:58,0,0,0,0,0,0,0,0,0,0,0,0,🚨 LOW STOCK ALERT: biscuits: 0 (Goal: >10) | bread: 0 (Goal: >5) | cake: 0 (Goal: >3) | chewing gum: 0 (Goal: >5) | chips: 0 (Goal: >5) | chocolate: 0 (Goal: >5) | diapers: 0 (Goal: >5) | drinks: 0 (Goal: >5) | egg: 0 (Goal: >5) | household: 0 (Goal: >5) | snacks: 0 (Goal: >5) | stationary: 0 (Goal: >5),snapshots_multiclass/low_stock_20251126_211758.jpg
2025-11-26 21:17:59,0,0,0,0,0,0,0,0,0,0,0,0,🚨 LOW STOCK ALERT: biscuits: 0 (Goal: >10) | bread: 0 (Goal: >5) | cake: 0 (Goal: >3) | chewing gum: 0 (Goal: >5) | chips: 0 (Goal: >5) | chocolate: 0 (Goal: >5) | diapers: 0 (Goal: >5) | drinks: 0 (Goal: >5) | egg: 0 (Goal: >5) | household: 0 (Goal: >5) | snacks: 0 (Goal: >5) | stationary: 0 (Goal: >5),snapshots_multiclass/low_stock_20251126_211759.jpg
2025-11-26 21:17:59,0,0,0,0,0,0,0,0,0,0,0,0,🚨 LOW STOCK ALERT: biscuits: 0 (Goal: >10) | bread: 0 (Goal: >5) | cake: 0 (Goal: >3) | chewing gum: 0 (Goal: >5) | chips: 0 (Goal: >5) | chocolate: 0 (Goal: >5) | diapers: 0 (Goal: >5) | drinks: 0 (Goal: >5) | egg: 0 (Goal: >5) | household: 0 (Goal: >5) | snacks: 0 (Goal: >5) | stationary: 0 (Goal: >5),snapshots_multiclass/low_stock_20251126_211759.jpg
2025-11-26 21:18:00,0,0,0,0,0,0,0,0,0,0,0,0,🚨 LOW STOCK ALERT: biscuits: 0 (Goal: >10) | bread: 0 (Goal: >5) | cake: 0 (Goal: >3) | chewing gum: 0 (Goal: >5) | chips: 0 (Goal: >5) | chocolate: 0 (Goal: >5) | diapers: 0 (Goal: >5) | drinks: 0 (Goal: >5) | egg: 0 (Goal: >5) | household: 0 (Goal: >5) | snacks: 0 (Goal: >5) | stationary: 0 (Goal: >5),snapshots_multiclass/low_stock_20251126_211800.jpg
2025-11-26 21:18:00,0,0,0,0,0,0,0,0,0,0,0,0,🚨 LOW STOCK ALERT: biscuits: 0 (Goal: >10) | bread: 0 (Goal: >5) | cake: 0 (Goal: >3) | chewing gum: 0 (Goal: >5) | chips: 0 (Goal: >5) | chocolate: 0 (Goal: >5) | diapers: 0 (Goal: >5) | drinks: 0 (Goal: >5) | egg: 0 (Goal: >5) | household: 0 (Goal: >5) | snacks: 0 (Goal: >5) | stationary: 0 (Goal: >5),snapshots_multiclass/low_stock_20251126_211800.jpg
2025-11-26 21:18:01,0,0,0,0,0,0,0,0,0,0,0,0,🚨 LOW STOCK ALERT: biscuits: 0 (Goal: >10) | bread: 0 (Goal: >5) | cake: 0 (Goal: >3) | chewing gum: 0 (Goal: >5) | chips: 0 (Goal: >5) | chocolate: 0 (Goal: >5) | diapers: 0 (Goal: >5) | drinks: 0 (Goal: >5) | egg: 0 (Goal: >5) | household: 0 (Goal: >5) | snacks: 0 (Goal: >5) | stationary: 0 (Goal: >5),snapshots_multiclass/low_stock_20251126_211801.jpg
2025-11-26 21:18:01,0,0,0,0,0,0,0,0,0,0,0,0,🚨 LOW STOCK ALERT: biscuits: 0 (Goal: >10) | bread: 0 (Goal: >5) | cake: 0 (Goal: >3) | chewing gum: 0 (Goal: >5) | chips: 0 (Goal: >5) | chocolate: 0 (Goal: >5) | diapers: 0 (Goal: >5) | drinks: 0 (Goal: >5) | egg: 0 (Goal: >5) | household: 0 (Goal: >5) | snacks: 0 (Goal: >5) | stationary: 0 (Goal: >5),snapshots_multiclass/low_stock_20251126_211801.jpg
2025-11-26 21:18:02,0,0,0,0,0,0,0,0,0,0,0,0,🚨 LOW STOCK ALERT: biscuits: 0 (Goal: >10) | bread: 0 (Goal: >5) | cake: 0 (Goal: >3) | chewing gum: 0 (Goal: >5) | chips: 0 (Goal: >5) | chocolate: 0 (Goal: >5) | diapers: 0 (Goal: >5) | drinks: 0 (Goal: >5) | egg: 0 (Goal: >5) | household: 0 (Goal: >5) | snacks: 0 (Goal: >5) | stationary: 0 (Goal: >5),snapshots_multiclass/low_stock_20251126_211802.jpg
2025-11-26 21:18:02,0,0,0,0,0,0,0,0,0,0,0,0,🚨 LOW STOCK ALERT: biscuits: 0 (Goal: >10) | bread: 0 (Goal: >5) | cake: 0 (Goal: >3) | chewing gum: 0 (Goal: >5) | chips: 0 (Goal: >5) | chocolate: 0 (Goal: >5) | diapers: 0 (Goal: >5) | drinks: 0 (Goal: >5) | egg: 0 (Goal: >5) | household: 0 (Goal: >5) | snacks: 0 (Goal: >5) | stationary: 0 (Goal: >5),snapshots_multiclass/low_stock_20251126_211802.jpg
2025-11-26 21:18:03,0,0,0,0,0,0,0,0,0,0,0,0,🚨 LOW STOCK ALERT: biscuits: 0 (Goal: >10) | bread: 0 (Goal: >5) | cake: 0 (Goal: >3) | chewing gum: 0 (Goal: >5) | chips: 0 (Goal: >5) | chocolate: 0 (Goal: >5) | diapers: 0 (Goal: >5) | drinks: 0 (Goal: >5) | egg: 0 (Goal: >5) | household: 0 (Goal: >5) | snacks: 0 (Goal: >5) | stationary: 0 (Goal: >5),snapshots_multiclass/low_stock_20251126_211803.jpg
2025-11-26 21:18:03,0,0,0,0,0,0,0,0,0,0,0,0,🚨 LOW STOCK ALERT: biscuits: 0 (Goal: >10) | bread: 0 (Goal: >5) | cake: 0 (Goal: >3) | chewing gum: 0 (Goal: >5) | chips: 0 (Goal: >5) | chocolate: 0 (Goal: >5) | diapers: 0 (Goal: >5) | drinks: 0 (Goal: >5) | egg: 0 (Goal: >5) | household: 0 (Goal: >5) | snacks: 0 (Goal: >5) | stationary: 0 (Goal: >5),snapshots_multiclass/low_stock_20251126_211803.jpg
2025-11-26 21:18:04,0,0,0,0,0,0,0,0,0,0,0,0,🚨 LOW STOCK ALERT: biscuits: 0 (Goal: >10) | bread: 0 (Goal: >5) | cake: 0 (Goal: >3) | chewing gum: 0 (Goal: >5) | chips: 0 (Goal: >5) | chocolate: 0 (Goal: >5) | diapers: 0 (Goal: >5) | drinks: 0 (Goal: >5) | egg: 0 (Goal: >5) | household: 0 (Goal: >5) | snacks: 0 (Goal: >5) | stationary: 0 (Goal: >5),snapshots_multiclass/low_stock_20251126_211804.jpg
2025-11-26 21:18:04,0,0,0,0,0,0,0,0,0,0,0,0,🚨 LOW STOCK ALERT: biscuits: 0 (Goal: >10) | bread: 0 (Goal: >5) | cake: 0 (Goal: >3) | chewing gum: 0 (Goal: >5) | chips: 0 (Goal: >5) | chocolate: 0 (Goal: >5) | diapers: 0 (Goal: >5) | drinks: 0 (Goal: >5) | egg: 0 (Goal: >5) | household: 0 (Goal: >5) | snacks: 0 (Goal: >5) | stationary: 0 (Goal: >5),snapshots_multiclass/low_stock_20251126_211804.jpg
2025-11-26 21:18:05,0,0,0,0,0,0,0,0,0,0,0,0,🚨 LOW STOCK ALERT: biscuits: 0 (Goal: >10) | bread: 0 (Goal: >5) | cake: 0 (Goal: >3) | chewing gum: 0 (Goal: >5) | chips: 0 (Goal: >5) | chocolate: 0 (Goal: >5) | diapers: 0 (Goal: >5) | drinks: 0 (Goal: >5) | egg: 0 (Goal: >5) | household: 0 (Goal: >5) | snacks: 0 (Goal: >5) | stationary: 0 (Goal: >5),snapshots_multiclass/low_stock_20251126_211805.jpg
2025-11-26 21:18:05,0,0,0,0,0,0,0,0,0,0,0,0,🚨 LOW STOCK ALERT: biscuits: 0 (Goal: >10) | bread: 0 (Goal: >5) | cake: 0 (Goal: >3) | chewing gum: 0 (Goal: >5) | chips: 0 (Goal: >5) | chocolate: 0 (Goal: >5) | diapers: 0 (Goal: >5) | drinks: 0 (Goal: >5) | egg: 0 (Goal: >5) | household: 0 (Goal: >5) | snacks: 0 (Goal: >5) | stationary: 0 (Goal: >5),snapshots_multiclass/low_stock_20251126_211805.jpg
2025-11-26 21:18:06,0,0,0,0,0,0,0,0,0,0,0,0,🚨 LOW STOCK ALERT: biscuits: 0 (Goal: >10) | bread: 0 (Goal: >5) | cake: 0 (Goal: >3) | chewing gum: 0 (Goal: >5) | chips: 0 (Goal: >5) | chocolate: 0 (Goal: >5) | diapers: 0 (Goal: >5) | drinks: 0 (Goal: >5) | egg: 0 (Goal: >5) | household: 0 (Goal: >5) | snacks: 0 (Goal: >5) | stationary: 0 (Goal: >5),snapshots_multiclass/low_stock_20251126_211806.jpg
2025-11-26 21:18:06,0,0,0,0,0,0,0,0,0,0,0,0,🚨 LOW STOCK ALERT: biscuits: 0 (Goal: >10) | bread: 0 (Goal: >5) | cake: 0 (Goal: >3) | chewing gum: 0 (Goal: >5) | chips: 0 (Goal: >5) | chocolate: 0 (Goal: >5) | diapers: 0 (Goal: >5) | drinks: 0 (Goal: >5) | egg: 0 (Goal: >5) | household: 0 (Goal: >5) | snacks: 0 (Goal: >5) | stationary: 0 (Goal: >5),snapshots_multiclass/low_stock_20251126_211806.jpg
2025-11-26 21:18:07,0,0,0,0,0,2,0,0,0,0,0,0,🚨 LOW STOCK ALERT: biscuits: 0 (Goal: >10) | bread: 0 (Goal: >5) | cake: 0 (Goal: >3) | chewing gum: 0 (Goal: >5) | chips: 0 (Goal: >5) | chocolate: 2 (Goal: >5) | diapers: 0 (Goal: >5) | drinks: 0 (Goal: >5) | egg: 0 (Goal: >5) | household: 0 (Goal: >5) | snacks: 0 (Goal: >5) | stationary: 0 (Goal: >5),snapshots_multiclass/low_stock_20251126_211807.jpg
2025-11-26 21:18:07,0,0,0,0,0,1,0,0,0,0,0,0,🚨 LOW STOCK ALERT: biscuits: 0 (Goal: >10) | bread: 0 (Goal: >5) | cake: 0 (Goal: >3) | chewing gum: 0 (Goal: >5) | chips: 0 (Goal: >5) | chocolate: 1 (Goal: >5) | diapers: 0 (Goal: >5) | drinks: 0 (Goal: >5) | egg: 0 (Goal: >5) | household: 0 (Goal: >5) | snacks: 0 (Goal: >5) | stationary: 0 (Goal: >5),snapshots_multiclass/low_stock_20251126_211807.jpg
2025-11-26 21:18:08,0,0,0,0,0,0,0,0,0,0,0,0,🚨 LOW STOCK ALERT: biscuits: 0 (Goal: >10) | bread: 0 (Goal: >5) | cake: 0 (Goal: >3) | chewing gum: 0 (Goal: >5) | chips: 0 (Goal: >5) | chocolate: 0 (Goal: >5) | diapers: 0 (Goal: >5) | drinks: 0 (Goal: >5) | egg: 0 (Goal: >5) | household: 0 (Goal: >5) | snacks: 0 (Goal: >5) | stationary: 0 (Goal: >5),snapshots_multiclass/low_stock_20251126_211808.jpg
2025-11-26 21:18:08,0,0,0,0,0,0,0,0,0,0,0,0,🚨 LOW STOCK ALERT: biscuits: 0 (Goal: >10) | bread: 0 (Goal: >5) | cake: 0 (Goal: >3) | chewing gum: 0 (Goal: >5) | chips: 0 (Goal: >5) | chocolate: 0 (Goal: >5) | diapers: 0 (Goal: >5) | drinks: 0 (Goal: >5) | egg: 0 (Goal: >5) | household: 0 (Goal: >5) | snacks: 0 (Goal: >5) | stationary: 0 (Goal: >5),snapshots_multiclass/low_stock_20251126_211808.jpg
2025-11-26 21:18:09,0,0,0,0,0,1,0,0,0,0,0,0,🚨 LOW STOCK ALERT: biscuits: 0 (Goal: >10) | bread: 0 (Goal: >5) | cake: 0 (Goal: >3) | chewing gum: 0 (Goal: >5) | chips: 0 (Goal: >5) | chocolate: 1 (Goal: >5) | diapers: 0 (Goal: >5) | drinks: 0 (Goal: >5) | egg: 0 (Goal: >5) | household: 0 (Goal: >5) | snacks: 0 (Goal: >5) | stationary: 0 (Goal: >5),snapshots_multiclass/low_stock_20251126_211809.jpg
2025-11-26 21:18:09,0,0,0,0,0,1,0,0,0,0,0,0,🚨 LOW STOCK ALERT: biscuits: 0 (Goal: >10) | bread: 0 (Goal: >5) | cake: 0 (Goal: >3) | chewing gum: 0 (Goal: >5) | chips: 0 (Goal: >5) | chocolate: 1 (Goal: >5) | diapers: 0 (Goal: >5) | drinks: 0 (Goal: >5) | egg: 0 (Goal: >5) | household: 0 (Goal: >5) | snacks: 0 (Goal: >5) | stationary: 0 (Goal: >5),snapshots_multiclass/low_stock_20251126_211809.jpg
2025-11-26 21:18:10,0,0,0,0,0,1,0,0,0,0,0,0,🚨 LOW STOCK ALERT: biscuits: 0 (Goal: >10) | bread: 0 (Goal: >5) | cake: 0 (Goal: >3) | chewing gum: 0 (Goal: >5) | chips: 0 (Goal: >5) | chocolate: 1 (Goal: >5) | diapers: 0 (Goal: >5) | drinks: 0 (Goal: >5) | egg: 0 (Goal: >5) | household: 0 (Goal: >5) | snacks: 0 (Goal: >5) | stationary: 0 (Goal: >5),snapshots_multiclass/low_stock_20251126_211810.jpg
2025-11-26 21:18:10,0,0,0,0,0,1,0,0,0,0,0,0,🚨 LOW STOCK ALERT: biscuits: 0 (Goal: >10) | bread: 0 (Goal: >5) | cake: 0 (Goal: >3) | chewing gum: 0 (Goal: >5) | chips: 0 (Goal: >5) | chocolate: 1 (Goal: >5) | diapers: 0 (Goal: >5) | drinks: 0 (Goal: >5) | egg: 0 (Goal: >5) | household: 0 (Goal: >5) | snacks: 0 (Goal: >5) | stationary: 0 (Goal: >5),snapshots_multiclass/low_stock_20251126_211810.jpg
2025-11-26 21:18:11,0,0,0,0,0,2,0,0,0,0,0,0,🚨 LOW STOCK ALERT: biscuits: 0 (Goal: >10) | bread: 0 (Goal: >5) | cake: 0 (Goal: >3) | chewing gum: 0 (Goal: >5) | chips: 0 (Goal: >5) | chocolate: 2 (Goal: >5) | diapers: 0 (Goal: >5) | drinks: 0 (Goal: >5) | egg: 0 (Goal: >5) | household: 0 (Goal: >5) | snacks: 0 (Goal: >5) | stationary: 0 (Goal: >5),snapshots_multiclass/low_stock_20251126_211811.jpg
2025-11-26 21:18:11,0,0,0,0,0,1,0,0,0,0,0,0,🚨 LOW STOCK ALERT: biscuits: 0 (Goal: >10) | bread: 0 (Goal: >5) | cake: 0 (Goal: >3) | chewing gum: 0 (Goal: >5) | chips: 0 (Goal: >5) | chocolate: 1 (Goal: >5) | diapers: 0 (Goal: >5) | drinks: 0 (Goal: >5) | egg: 0 (Goal: >5) | household: 0 (Goal: >5) | snacks: 0 (Goal: >5) | stationary: 0 (Goal: >5),snapshots_multiclass/low_stock_20251126_211811.jpg
2025-11-26 21:18:12,0,0,0,0,0,1,0,0,0,0,0,0,🚨 LOW STOCK ALERT: biscuits: 0 (Goal: >10) | bread: 0 (Goal: >5) | cake: 0 (Goal: >3) | chewing gum: 0 (Goal: >5) | chips: 0 (Goal: >5) | chocolate: 1 (Goal: >5) | diapers: 0 (Goal: >5) | drinks: 0 (Goal: >5) | egg: 0 (Goal: >5) | household: 0 (Goal: >5) | snacks: 0 (Goal: >5) | stationary: 0 (Goal: >5),snapshots_multiclass/low_stock_20251126_211812.jpg
2025-11-26 21:18:12,0,0,0,0,0,1,0,0,0,0,0,0,🚨 LOW STOCK ALERT: biscuits: 0 (Goal: >10) | bread: 0 (Goal: >5) | cake: 0 (Goal: >3) | chewing gum: 0 (Goal: >5) | chips: 0 (Goal: >5) | chocolate: 1 (Goal: >5) | diapers: 0 (Goal: >5) | drinks: 0 (Goal: >5) | egg: 0 (Goal: >5) | household: 0 (Goal: >5) | snacks: 0 (Goal: >5) | stationary: 0 (Goal: >5),snapshots_multiclass/low_stock_20251126_211812.jpg
2025-11-26 21:18:13,0,0,0,0,0,1,0,0,0,0,0,0,🚨 LOW STOCK ALERT: biscuits: 0 (Goal: >10) | bread: 0 (Goal: >5) | cake: 0 (Goal: >3) | chewing gum: 0 (Goal: >5) | chips: 0 (Goal: >5) | chocolate: 1 (Goal: >5) | diapers: 0 (Goal: >5) | drinks: 0 (Goal: >5) | egg: 0 (Goal: >5) | household: 0 (Goal: >5) | snacks: 0 (Goal: >5) | stationary: 0 (Goal: >5),snapshots_multiclass/low_stock_20251126_211813.jpg
2025-11-26 21:18:13,0,0,0,0,0,1,0,0,0,0,0,0,🚨 LOW STOCK ALERT: biscuits: 0 (Goal: >10) | bread: 0 (Goal: >5) | cake: 0 (Goal: >3) | chewing gum: 0 (Goal: >5) | chips: 0 (Goal: >5) | chocolate: 1 (Goal: >5) | diapers: 0 (Goal: >5) | drinks: 0 (Goal: >5) | egg: 0 (Goal: >5) | household: 0 (Goal: >5) | snacks: 0 (Goal: >5) | stationary: 0 (Goal: >5),snapshots_multiclass/low_stock_20251126_211813.jpg
2025-11-26 21:18:14,0,0,0,0,0,0,0,0,0,0,0,0,🚨 LOW STOCK ALERT: biscuits: 0 (Goal: >10) | bread: 0 (Goal: >5) | cake: 0 (Goal: >3) | chewing gum: 0 (Goal: >5) | chips: 0 (Goal: >5) | chocolate: 0 (Goal: >5) | diapers: 0 (Goal: >5) | drinks: 0 (Goal: >5) | egg: 0 (Goal: >5) | household: 0 (Goal: >5) | snacks: 0 (Goal: >5) | stationary: 0 (Goal: >5),snapshots_multiclass/low_stock_20251126_211814.jpg
2025-11-26 21:18:14,0,0,0,0,0,0,0,0,0,0,0,0,🚨 LOW STOCK ALERT: biscuits: 0 (Goal: >10) | bread: 0 (Goal: >5) | cake: 0 (Goal: >3) | chewing gum: 0 (Goal: >5) | chips: 0 (Goal: >5) | chocolate: 0 (Goal: >5) | diapers: 0 (Goal: >5) | drinks: 0 (Goal: >5) | egg: 0 (Goal: >5) | household: 0 (Goal: >5) | snacks: 0 (Goal: >5) | stationary: 0 (Goal: >5),snapshots_multiclass/low_stock_20251126_211814.jpg
2025-11-26 21:18:15,0,0,0,0,0,1,0,0,0,0,0,0,🚨 LOW STOCK ALERT: biscuits: 0 (Goal: >10) | bread: 0 (Goal: >5) | cake: 0 (Goal: >3) | chewing gum: 0 (Goal: >5) | chips: 0 (Goal: >5) | chocolate: 1 (Goal: >5) | diapers: 0 (Goal: >5) | drinks: 0 (Goal: >5) | egg: 0 (Goal: >5) | household: 0 (Goal: >5) | snacks: 0 (Goal: >5) | stationary: 0 (Goal: >5),snapshots_multiclass/low_stock_20251126_211815.jpg
2025-11-26 21:18:15,0,0,0,0,0,2,0,0,0,0,0,0,🚨 LOW STOCK ALERT: biscuits: 0 (Goal: >10) | bread: 0 (Goal: >5) | cake: 0 (Goal: >3) | chewing gum: 0 (Goal: >5) | chips: 0 (Goal: >5) | chocolate: 2 (Goal: >5) | diapers: 0 (Goal: >5) | drinks: 0 (Goal: >5) | egg: 0 (Goal: >5) | household: 0 (Goal: >5) | snacks: 0 (Goal: >5) | stationary: 0 (Goal: >5),snapshots_multiclass/low_stock_20251126_211815.jpg
2025-11-26 21:18:16,0,0,0,0,0,2,0,0,0,0,0,0,🚨 LOW STOCK ALERT: biscuits: 0 (Goal: >10) | bread: 0 (Goal: >5) | cake: 0 (Goal: >3) | chewing gum: 0 (Goal: >5) | chips: 0 (Goal: >5) | chocolate: 2 (Goal: >5) | diapers: 0 (Goal: >5) | drinks: 0 (Goal: >5) | egg: 0 (Goal: >5) | household: 0 (Goal: >5) | snacks: 0 (Goal: >5) | stationary: 0 (Goal: >5),snapshots_multiclass/low_stock_20251126_211816.jpg
2025-11-26 21:18:16,0,0,0,0,0,2,0,0,0,0,0,0,🚨 LOW STOCK ALERT: biscuits: 0 (Goal: >10) | bread: 0 (Goal: >5) | cake: 0 (Goal: >3) | chewing gum: 0 (Goal: >5) | chips: 0 (Goal: >5) | chocolate: 2 (Goal: >5) | diapers: 0 (Goal: >5) | drinks: 0 (Goal: >5) | egg: 0 (Goal: >5) | household: 0 (Goal: >5) | snacks: 0 (Goal: >5) | stationary: 0 (Goal: >5),snapshots_multiclass/low_stock_20251126_211816.jpg
2025-11-26 21:18:17,0,0,0,0,0,1,0,0,0,0,0,0,🚨 LOW STOCK ALERT: biscuits: 0 (Goal: >10) | bread: 0 (Goal: >5) | cake: 0 (Goal: >3) | chewing gum: 0 (Goal: >5) | chips: 0 (Goal: >5) | chocolate: 1 (Goal: >5) | diapers: 0 (Goal: >5) | drinks: 0 (Goal: >5) | egg: 0 (Goal: >5) | household: 0 (Goal: >5) | snacks: 0 (Goal: >5) | stationary: 0 (Goal: >5),snapshots_multiclass/low_stock_20251126_211817.jpg
2025-11-26 21:18:17,0,0,0,0,0,1,0,0,0,0,0,0,🚨 LOW STOCK ALERT: biscuits: 0 (Goal: >10) | bread: 0 (Goal: >5) | cake: 0 (Goal: >3) | chewing gum: 0 (Goal: >5) | chips: 0 (Goal: >5) | chocolate: 1 (Goal: >5) | diapers: 0 (Goal: >5) | drinks: 0 (Goal: >5) | egg: 0 (Goal: >5) | household: 0 (Goal: >5) | snacks: 0 (Goal: >5) | stationary: 0 (Goal: >5),snapshots_multiclass/low_stock_20251126_211817.jpg
2025-11-26 21:18:18,0,0,0,0,0,0,0,0,0,0,0,0,🚨 LOW STOCK ALERT: biscuits: 0 (Goal: >10) | bread: 0 (Goal: >5) | cake: 0 (Goal: >3) | chewing gum: 0 (Goal: >5) | chips: 0 (Goal: >5) | chocolate: 0 (Goal: >5) | diapers: 0 (Goal: >5) | drinks: 0 (Goal: >5) | egg: 0 (Goal: >5) | household: 0 (Goal: >5) | snacks: 0 (Goal: >5) | stationary: 0 (Goal: >5),snapshots_multiclass/low_stock_20251126_211818.jpg
2025-11-26 21:18:18,0,0,0,0,0,1,0,0,0,0,0,0,🚨 LOW STOCK ALERT: biscuits: 0 (Goal: >10) | bread: 0 (Goal: >5) | cake: 0 (Goal: >3) | chewing gum: 0 (Goal: >5) | chips: 0 (Goal: >5) | chocolate: 1 (Goal: >5) | diapers: 0 (Goal: >5) | drinks: 0 (Goal: >5) | egg: 0 (Goal: >5) | household: 0 (Goal: >5) | snacks: 0 (Goal: >5) | stationary: 0 (Goal: >5),snapshots_multiclass/low_stock_20251126_211818.jpg
2025-11-26 21:18:19,0,0,0,0,0,1,0,0,0,0,0,0,🚨 LOW STOCK ALERT: biscuits: 0 (Goal: >10) | bread: 0 (Goal: >5) | cake: 0 (Goal: >3) | chewing gum: 0 (Goal: >5) | chips: 0 (Goal: >5) | chocolate: 1 (Goal: >5) | diapers: 0 (Goal: >5) | drinks: 0 (Goal: >5) | egg: 0 (Goal: >5) | household: 0 (Goal: >5) | snacks: 0 (Goal: >5) | stationary: 0 (Goal: >5),snapshots_multiclass/low_stock_20251126_211819.jpg
2025-11-26 21:18:19,0,0,0,0,0,1,0,0,0,0,0,0,🚨 LOW STOCK ALERT: biscuits: 0 (Goal: >10) | bread: 0 (Goal: >5) | cake: 0 (Goal: >3) | chewing gum: 0 (Goal: >5) | chips: 0 (Goal: >5) | chocolate: 1 (Goal: >5) | diapers: 0 (Goal: >5) | drinks: 0 (Goal: >5) | egg: 0 (Goal: >5) | household: 0 (Goal: >5) | snacks: 0 (Goal: >5) | stationary: 0 (Goal: >5),snapshots_multiclass/low_stock_20251126_211819.jpg
2025-11-26 21:18:20,0,0,0,0,0,1,0,0,0,0,0,0,🚨 LOW STOCK ALERT: biscuits: 0 (Goal: >10) | bread: 0 (Goal: >5) | cake: 0 (Goal: >3) | chewing gum: 0 (Goal: >5) | chips: 0 (Goal: >5) | chocolate: 1 (Goal: >5) | diapers: 0 (Goal: >5) | drinks: 0 (Goal: >5) | egg: 0 (Goal: >5) | household: 0 (Goal: >5) | snacks: 0 (Goal: >5) | stationary: 0 (Goal: >5),snapshots_multiclass/low_stock_20251126_211820.jpg
2025-11-26 21:18:20,0,0,0,0,0,1,0,0,0,0,0,0,🚨 LOW STOCK ALERT: biscuits: 0 (Goal: >10) | bread: 0 (Goal: >5) | cake: 0 (Goal: >3) | chewing gum: 0 (Goal: >5) | chips: 0 (Goal: >5) | chocolate: 1 (Goal: >5) | diapers: 0 (Goal: >5) | drinks: 0 (Goal: >5) | egg: 0 (Goal: >5) | household: 0 (Goal: >5) | snacks: 0 (Goal: >5) | stationary: 0 (Goal: >5),snapshots_multiclass/low_stock_20251126_211820.jpg
2025-11-26 21:18:21,0,0,0,0,0,2,0,0,0,0,0,0,🚨 LOW STOCK ALERT: biscuits: 0 (Goal: >10) | bread: 0 (Goal: >5) | cake: 0 (Goal: >3) | chewing gum: 0 (Goal: >5) | chips: 0 (Goal: >5) | chocolate: 2 (Goal: >5) | diapers: 0 (Goal: >5) | drinks: 0 (Goal: >5) | egg: 0 (Goal: >5) | household: 0 (Goal: >5) | snacks: 0 (Goal: >5) | stationary: 0 (Goal: >5),snapshots_multiclass/low_stock_20251126_211821.jpg
2025-11-26 21:18:21,0,0,0,0,0,1,0,0,0,0,0,0,🚨 LOW STOCK ALERT: biscuits: 0 (Goal: >10) | bread: 0 (Goal: >5) | cake: 0 (Goal: >3) | chewing gum: 0 (Goal: >5) | chips: 0 (Goal: >5) | chocolate: 1 (Goal: >5) | diapers: 0 (Goal: >5) | drinks: 0 (Goal: >5) | egg: 0 (Goal: >5) | household: 0 (Goal: >5) | snacks: 0 (Goal: >5) | stationary: 0 (Goal: >5),snapshots_multiclass/low_stock_20251126_211821.jpg
2025-11-26 21:18:22,0,0,0,0,0,1,0,0,0,0,0,0,🚨 LOW STOCK ALERT: biscuits: 0 (Goal: >10) | bread: 0 (Goal: >5) | cake: 0 (Goal: >3) | chewing gum: 0 (Goal: >5) | chips: 0 (Goal: >5) | chocolate: 1 (Goal: >5) | diapers: 0 (Goal: >5) | drinks: 0 (Goal: >5) | egg: 0 (Goal: >5) | household: 0 (Goal: >5) | snacks: 0 (Goal: >5) | stationary: 0 (Goal: >5),snapshots_multiclass/low_stock_20251126_211822.jpg
2025-11-26 21:18:22,0,0,0,0,0,1,0,0,0,0,0,0,🚨 LOW STOCK ALERT: biscuits: 0 (Goal: >10) | bread: 0 (Goal: >5) | cake: 0 (Goal: >3) | chewing gum: 0 (Goal: >5) | chips: 0 (Goal: >5) | chocolate: 1 (Goal: >5) | diapers: 0 (Goal: >5) | drinks: 0 (Goal: >5) | egg: 0 (Goal: >5) | household: 0 (Goal: >5) | snacks: 0 (Goal: >5) | stationary: 0 (Goal: >5),snapshots_multiclass/low_stock_20251126_211822.jpg
2025-11-26 21:18:23,0,0,0,0,0,2,0,0,0,0,0,0,🚨 LOW STOCK ALERT: biscuits: 0 (Goal: >10) | bread: 0 (Goal: >5) | cake: 0 (Goal: >3) | chewing gum: 0 (Goal: >5) | chips: 0 (Goal: >5) | chocolate: 2 (Goal: >5) | diapers: 0 (Goal: >5) | drinks: 0 (Goal: >5) | egg: 0 (Goal: >5) | household: 0 (Goal: >5) | snacks: 0 (Goal: >5) | stationary: 0 (Goal: >5),snapshots_multiclass/low_stock_20251126_211823.jpg
2025-11-26 21:18:23,0,0,0,0,0,0,0,0,0,0,0,0,🚨 LOW STOCK ALERT: biscuits: 0 (Goal: >10) | bread: 0 (Goal: >5) | cake: 0 (Goal: >3) | chewing gum: 0 (Goal: >5) | chips: 0 (Goal: >5) | chocolate: 0 (Goal: >5) | diapers: 0 (Goal: >5) | drinks: 0 (Goal: >5) | egg: 0 (Goal: >5) | household: 0 (Goal: >5) | snacks: 0 (Goal: >5) | stationary: 0 (Goal: >5),snapshots_multiclass/low_stock_20251126_211823.jpg
2025-11-26 21:18:24,0,0,0,0,0,1,0,0,0,0,0,0,🚨 LOW STOCK ALERT: biscuits: 0 (Goal: >10) | bread: 0 (Goal: >5) | cake: 0 (Goal: >3) | chewing gum: 0 (Goal: >5) | chips: 0 (Goal: >5) | chocolate: 1 (Goal: >5) | diapers: 0 (Goal: >5) | drinks: 0 (Goal: >5) | egg: 0 (Goal: >5) | household: 0 (Goal: >5) | snacks: 0 (Goal: >5) | stationary: 0 (Goal: >5),snapshots_multiclass/low_stock_20251126_211824.jpg
2025-11-26 21:18:24,0,0,0,0,0,0,0,0,0,0,0,0,🚨 LOW STOCK ALERT: biscuits: 0 (Goal: >10) | bread: 0 (Goal: >5) | cake: 0 (Goal: >3) | chewing gum: 0 (Goal: >5) | chips: 0 (Goal: >5) | chocolate: 0 (Goal: >5) | diapers: 0 (Goal: >5) | drinks: 0 (Goal: >5) | egg: 0 (Goal: >5) | household: 0 (Goal: >5) | snacks: 0 (Goal: >5) | stationary: 0 (Goal: >5),snapshots_multiclass/low_stock_20251126_211824.jpg
2025-11-26 21:18:25,0,0,0,0,0,2,0,0,0,0,0,0,🚨 LOW STOCK ALERT: biscuits: 0 (Goal: >10) | bread: 0 (Goal: >5) | cake: 0 (Goal: >3) | chewing gum: 0 (Goal: >5) | chips: 0 (Goal: >5) | chocolate: 2 (Goal: >5) | diapers: 0 (Goal: >5) | drinks: 0 (Goal: >5) | egg: 0 (Goal: >5) | household: 0 (Goal: >5) | snacks: 0 (Goal: >5) | stationary: 0 (Goal: >5),snapshots_multiclass/low_stock_20251126_211825.jpg
2025-11-26 21:18:25,0,0,0,0,0,0,0,0,0,0,0,0,🚨 LOW STOCK ALERT: biscuits: 0 (Goal: >10) | bread: 0 (Goal: >5) | cake: 0 (Goal: >3) | chewing gum: 0 (Goal: >5) | chips: 0 (Goal: >5) | chocolate: 0 (Goal: >5) | diapers: 0 (Goal: >5) | drinks: 0 (Goal: >5) | egg: 0 (Goal: >5) | household: 0 (Goal: >5) | snacks: 0 (Goal: >5) | stationary: 0 (Goal: >5),snapshots_multiclass/low_stock_20251126_211825.jpg
2025-11-26 21:18:26,0,0,0,0,0,0,0,0,0,0,0,0,🚨 LOW STOCK ALERT: biscuits: 0 (Goal: >10) | bread: 0 (Goal: >5) | cake: 0 (Goal: >3) | chewing gum: 0 (Goal: >5) | chips: 0 (Goal: >5) | chocolate: 0 (Goal: >5) | diapers: 0 (Goal: >5) | drinks: 0 (Goal: >5) | egg: 0 (Goal: >5) | household: 0 (Goal: >5) | snacks: 0 (Goal: >5) | stationary: 0 (Goal: >5),snapshots_multiclass/low_stock_20251126_211826.jpg
2025-11-26 21:18:26,0,0,0,0,0,1,0,0,0,1,0,0,🚨 LOW STOCK ALERT: biscuits: 0 (Goal: >10) | bread: 0 (Goal: >5) | cake: 0 (Goal: >3) | chewing gum: 0 (Goal: >5) | chips: 0 (Goal: >5) | chocolate: 1 (Goal: >5) | diapers: 0 (Goal: >5) | drinks: 0 (Goal: >5) | egg: 0 (Goal: >5) | household: 1 (Goal: >5) | snacks: 0 (Goal: >5) | stationary: 0 (Goal: >5),snapshots_multiclass/low_stock_20251126_211826.jpg
2025-11-26 21:18:27,0,0,0,0,0,0,0,0,0,1,0,0,🚨 LOW STOCK ALERT: biscuits: 0 (Goal: >10) | bread: 0 (Goal: >5) | cake: 0 (Goal: >3) | chewing gum: 0 (Goal: >5) | chips: 0 (Goal: >5) | chocolate: 0 (Goal: >5) | diapers: 0 (Goal: >5) | drinks: 0 (Goal: >5) | egg: 0 (Goal: >5) | household: 1 (Goal: >5) | snacks: 0 (Goal: >5) | stationary: 0 (Goal: >5),snapshots_multiclass/low_stock_20251126_211827.jpg
2025-11-26 21:18:27,0,0,0,0,0,0,0,0,0,1,0,0,🚨 LOW STOCK ALERT: biscuits: 0 (Goal: >10) | bread: 0 (Goal: >5) | cake: 0 (Goal: >3) | chewing gum: 0 (Goal: >5) | chips: 0 (Goal: >5) | chocolate: 0 (Goal: >5) | diapers: 0 (Goal: >5) | drinks: 0 (Goal: >5) | egg: 0 (Goal: >5) | household: 1 (Goal: >5) | snacks: 0 (Goal: >5) | stationary: 0 (Goal: >5),snapshots_multiclass/low_stock_20251126_211827.jpg
2025-11-26 21:18:28,0,0,0,0,0,0,0,0,0,0,0,0,🚨 LOW STOCK ALERT: biscuits: 0 (Goal: >10) | bread: 0 (Goal: >5) | cake: 0 (Goal: >3) | chewing gum: 0 (Goal: >5) | chips: 0 (Goal: >5) | chocolate: 0 (Goal: >5) | diapers: 0 (Goal: >5) | drinks: 0 (Goal: >5) | egg: 0 (Goal: >5) | household: 0 (Goal: >5) | snacks: 0 (Goal: >5) | stationary: 0 (Goal: >5),snapshots_multiclass/low_stock_20251126_211828.jpg
2025-11-26 21:18:28,0,0,0,0,0,0,0,0,0,0,0,0,🚨 LOW STOCK ALERT: biscuits: 0 (Goal: >10) | bread: 0 (Goal: >5) | cake: 0 (Goal: >3) | chewing gum: 0 (Goal: >5) | chips: 0 (Goal: >5) | chocolate: 0 (Goal: >5) | diapers: 0 (Goal: >5) | drinks: 0 (Goal: >5) | egg: 0 (Goal: >5) | household: 0 (Goal: >5) | snacks: 0 (Goal: >5) | stationary: 0 (Goal: >5),snapshots_multiclass/low_stock_20251126_211828.jpg
2025-11-26 21:18:29,0,0,0,0,0,1,0,0,0,1,0,0,🚨 LOW STOCK ALERT: biscuits: 0 (Goal: >10) | bread: 0 (Goal: >5) | cake: 0 (Goal: >3) | chewing gum: 0 (Goal: >5) | chips: 0 (Goal: >5) | chocolate: 1 (Goal: >5) | diapers: 0 (Goal: >5) | drinks: 0 (Goal: >5) | egg: 0 (Goal: >5) | household: 1 (Goal: >5) | snacks: 0 (Goal: >5) | stationary: 0 (Goal: >5),snapshots_multiclass/low_stock_20251126_211829.jpg
2025-11-26 21:18:29,0,0,0,0,0,1,0,0,0,0,0,0,🚨 LOW STOCK ALERT: biscuits: 0 (Goal: >10) | bread: 0 (Goal: >5) | cake: 0 (Goal: >3) | chewing gum: 0 (Goal: >5) | chips: 0 (Goal: >5) | chocolate: 1 (Goal: >5) | diapers: 0 (Goal: >5) | drinks: 0 (Goal: >5) | egg: 0 (Goal: >5) | household: 0 (Goal: >5) | snacks: 0 (Goal: >5) | stationary: 0 (Goal: >5),snapshots_multiclass/low_stock_20251126_211829.jpg
2025-11-26 21:18:30,0,0,0,0,0,1,0,0,0,0,0,0,🚨 LOW STOCK ALERT: biscuits: 0 (Goal: >10) | bread: 0 (Goal: >5) | cake: 0 (Goal: >3) | chewing gum: 0 (Goal: >5) | chips: 0 (Goal: >5) | chocolate: 1 (Goal: >5) | diapers: 0 (Goal: >5) | drinks: 0 (Goal: >5) | egg: 0 (Goal: >5) | household: 0 (Goal: >5) | snacks: 0 (Goal: >5) | stationary: 0 (Goal: >5),snapshots_multiclass/low_stock_20251126_211830.jpg
2025-11-26 21:18:30,0,0,0,0,0,0,0,0,0,0,0,0,🚨 LOW STOCK ALERT: biscuits: 0 (Goal: >10) | bread: 0 (Goal: >5) | cake: 0 (Goal: >3) | chewing gum: 0 (Goal: >5) | chips: 0 (Goal: >5) | chocolate: 0 (Goal: >5) | diapers: 0 (Goal: >5) | drinks: 0 (Goal: >5) | egg: 0 (Goal: >5) | household: 0 (Goal: >5) | snacks: 0 (Goal: >5) | stationary: 0 (Goal: >5),snapshots_multiclass/low_stock_20251126_211830.jpg
2025-11-26 21:18:31,0,0,0,0,0,0,0,0,0,0,0,0,🚨 LOW STOCK ALERT: biscuits: 0 (Goal: >10) | bread: 0 (Goal: >5) | cake: 0 (Goal: >3) | chewing gum: 0 (Goal: >5) | chips: 0 (Goal: >5) | chocolate: 0 (Goal: >5) | diapers: 0 (Goal: >5) | drinks: 0 (Goal: >5) | egg: 0 (Goal: >5) | household: 0 (Goal: >5) | snacks: 0 (Goal: >5) | stationary: 0 (Goal: >5),snapshots_multiclass/low_stock_20251126_211831.jpg
2025-11-26 21:18:31,0,0,0,0,0,0,0,0,0,0,0,0,🚨 LOW STOCK ALERT: biscuits: 0 (Goal: >10) | bread: 0 (Goal: >5) | cake: 0 (Goal: >3) | chewing gum: 0 (Goal: >5) | chips: 0 (Goal: >5) | chocolate: 0 (Goal: >5) | diapers: 0 (Goal: >5) | drinks: 0 (Goal: >5) | egg: 0 (Goal: >5) | household: 0 (Goal: >5) | snacks: 0 (Goal: >5) | stationary: 0 (Goal: >5),snapshots_multiclass/low_stock_20251126_211831.jpg
2025-11-26 21:18:32,0,0,0,0,0,0,0,0,0,0,0,0,🚨 LOW STOCK ALERT: biscuits: 0 (Goal: >10) | bread: 0 (Goal: >5) | cake: 0 (Goal: >3) | chewing gum: 0 (Goal: >5) | chips: 0 (Goal: >5) | chocolate: 0 (Goal: >5) | diapers: 0 (Goal: >5) | drinks: 0 (Goal: >5) | egg: 0 (Goal: >5) | household: 0 (Goal: >5) | snacks: 0 (Goal: >5) | stationary: 0 (Goal: >5),snapshots_multiclass/low_stock_20251126_211832.jpg
2025-11-26 21:18:32,0,0,0,0,0,0,0,0,0,0,0,0,🚨 LOW STOCK ALERT: biscuits: 0 (Goal: >10) | bread: 0 (Goal: >5) | cake: 0 (Goal: >3) | chewing gum: 0 (Goal: >5) | chips: 0 (Goal: >5) | chocolate: 0 (Goal: >5) | diapers: 0 (Goal: >5) | drinks: 0 (Goal: >5) | egg: 0 (Goal: >5) | household: 0 (Goal: >5) | snacks: 0 (Goal: >5) | stationary: 0 (Goal: >5),snapshots_multiclass/low_stock_20251126_211832.jpg
2025-11-26 21:18:32,0,0,0,0,0,0,0,0,0,0,0,0,🚨 LOW STOCK ALERT: biscuits: 0 (Goal: >10) | bread: 0 (Goal: >5) | cake: 0 (Goal: >3) | chewing gum: 0 (Goal: >5) | chips: 0 (Goal: >5) | chocolate: 0 (Goal: >5) | diapers: 0 (Goal: >5) | drinks: 0 (Goal: >5) | egg: 0 (Goal: >5) | household: 0 (Goal: >5) | snacks: 0 (Goal: >5) | stationary: 0 (Goal: >5),snapshots_multiclass/low_stock_20251126_211832.jpg
2025-11-26 21:26:14,0,0,0,0,0,0,0,0,0,3,0,0,🚨 LOW STOCK ALERT: household: 3 (Goal: >5),snapshots_multiclass/low_stock_20251126_212614.jpg
2025-11-26 21:26:14,0,0,0,0,0,0,0,0,0,3,0,0,🚨 LOW STOCK ALERT: household: 3 (Goal: >5),snapshots_multiclass/low_stock_20251126_212614.jpg
2025-11-26 21:26:15,0,0,0,0,0,0,0,0,0,4,0,0,🚨 LOW STOCK ALERT: household: 4 (Goal: >5),snapshots_multiclass/low_stock_20251126_212615.jpg
2025-11-26 21:26:15,0,0,0,0,0,0,0,0,0,4,0,0,🚨 LOW STOCK ALERT: household: 4 (Goal: >5),snapshots_multiclass/low_stock_20251126_212615.jpg
2025-11-26 21:26:16,0,0,0,0,0,0,0,0,0,4,0,0,🚨 LOW STOCK ALERT: household: 4 (Goal: >5),snapshots_multiclass/low_stock_20251126_212616.jpg
2025-11-26 21:26:16,0,0,0,0,0,0,0,0,0,4,0,0,🚨 LOW STOCK ALERT: household: 4 (Goal: >5),snapshots_multiclass/low_stock_20251126_212616.jpg
2025-11-26 21:26:17,0,0,0,0,0,0,0,0,0,4,0,0,🚨 LOW STOCK ALERT: household: 4 (Goal: >5),snapshots_multiclass/low_stock_20251126_212617.jpg
2025-11-26 21:26:17,0,0,0,0,0,0,0,0,0,3,0,0,🚨 LOW STOCK ALERT: household: 3 (Goal: >5),snapshots_multiclass/low_stock_20251126_212617.jpg
2025-11-26 21:26:18,0,0,0,0,0,0,0,0,0,2,0,0,🚨 LOW STOCK ALERT: household: 2 (Goal: >5),snapshots_multiclass/low_stock_20251126_212618.jpg
2025-11-26 21:26:18,0,0,0,0,0,0,0,0,0,3,0,0,🚨 LOW STOCK ALERT: household: 3 (Goal: >5),snapshots_multiclass/low_stock_20251126_212618.jpg
2025-11-26 21:26:19,0,0,0,0,0,0,0,0,0,1,0,0,🚨 LOW STOCK ALERT: household: 1 (Goal: >5),snapshots_multiclass/low_stock_20251126_212619.jpg
2025-11-26 21:26:19,0,0,0,0,0,0,0,0,0,1,0,0,🚨 LOW STOCK ALERT: household: 1 (Goal: >5),snapshots_multiclass/low_stock_20251126_212619.jpg
2025-11-26 21:26:20,0,0,0,0,0,0,0,0,0,2,0,0,🚨 LOW STOCK ALERT: household: 2 (Goal: >5),snapshots_multiclass/low_stock_20251126_212620.jpg
2025-11-26 21:26:20,0,0,0,0,0,0,0,0,0,2,0,0,🚨 LOW STOCK ALERT: household: 2 (Goal: >5),snapshots_multiclass/low_stock_20251126_212620.jpg
2025-11-26 21:26:21,0,0,0,0,0,0,0,0,0,1,0,0,🚨 LOW STOCK ALERT: household: 1 (Goal: >5),snapshots_multiclass/low_stock_20251126_212621.jpg
2025-11-26 21:26:21,0,0,0,0,0,0,0,0,0,2,0,0,🚨 LOW STOCK ALERT: household: 2 (Goal: >5),snapshots_multiclass/low_stock_20251126_212621.jpg
2025-11-26 21:26:22,0,0,0,0,0,0,0,0,0,2,0,0,🚨 LOW STOCK ALERT: household: 2 (Goal: >5),snapshots_multiclass/low_stock_20251126_212622.jpg
2025-11-26 21:26:22,0,0,0,0,0,0,0,0,0,2,0,0,🚨 LOW STOCK ALERT: household: 2 (Goal: >5),snapshots_multiclass/low_stock_20251126_212622.jpg
2025-11-26 21:26:23,0,0,0,0,0,0,0,0,0,2,0,0,🚨 LOW STOCK ALERT: household: 2 (Goal: >5),snapshots_multiclass/low_stock_20251126_212623.jpg
2025-11-26 21:26:23,0,0,0,0,0,0,0,0,0,3,0,0,🚨 LOW STOCK ALERT: household: 3 (Goal: >5),snapshots_multiclass/low_stock_20251126_212623.jpg
2025-11-26 21:26:24,0,0,0,0,0,0,0,0,0,1,0,0,🚨 LOW STOCK ALERT: household: 1 (Goal: >5),snapshots_multiclass/low_stock_20251126_212624.jpg
2025-11-26 21:26:24,0,0,0,0,0,0,0,0,0,2,0,0,🚨 LOW STOCK ALERT: household: 2 (Goal: >5),snapshots_multiclass/low_stock_20251126_212624.jpg
2025-11-26 21:26:25,0,0,0,0,0,0,0,0,0,2,0,0,🚨 LOW STOCK ALERT: household: 2 (Goal: >5),snapshots_multiclass/low_stock_20251126_212625.jpg
2025-11-26 21:26:25,0,0,0,0,0,0,0,0,0,3,0,0,🚨 LOW STOCK ALERT: household: 3 (Goal: >5),snapshots_multiclass/low_stock_20251126_212625.jpg
2025-11-26 21:26:26,0,0,0,0,0,0,0,0,0,1,0,0,🚨 LOW STOCK ALERT: household: 1 (Goal: >5),snapshots_multiclass/low_stock_20251126_212626.jpg
2025-11-26 21:26:26,0,0,0,0,0,0,0,0,0,1,0,0,🚨 LOW STOCK ALERT: household: 1 (Goal: >5),snapshots_multiclass/low_stock_20251126_212626.jpg
2025-11-26 21:26:27,0,0,0,0,0,0,0,0,0,2,0,0,🚨 LOW STOCK ALERT: household: 2 (Goal: >5),snapshots_multiclass/low_stock_20251126_212627.jpg
2025-11-26 21:26:27,0,0,0,0,0,0,0,0,0,2,0,0,🚨 LOW STOCK ALERT: household: 2 (Goal: >5),snapshots_multiclass/low_stock_20251126_212627.jpg
2025-11-26 21:26:28,0,0,0,0,0,0,0,0,0,2,0,0,🚨 LOW STOCK ALERT: household: 2 (Goal: >5),snapshots_multiclass/low_stock_20251126_212628.jpg
2025-11-26 21:26:28,0,0,0,0,0,0,0,0,0,1,0,0,🚨 LOW STOCK ALERT: household: 1 (Goal: >5),snapshots_multiclass/low_stock_20251126_212628.jpg
2025-11-26 21:26:29,0,0,0,0,0,0,0,0,0,2,0,0,🚨 LOW STOCK ALERT: household: 2 (Goal: >5),snapshots_multiclass/low_stock_20251126_212629.jpg
2025-11-26 21:26:29,0,0,0,0,0,0,0,0,0,1,0,0,🚨 LOW STOCK ALERT: household: 1 (Goal: >5),snapshots_multiclass/low_stock_20251126_212629.jpg
2025-11-26 21:26:30,0,0,0,0,0,0,0,0,0,1,0,0,🚨 LOW STOCK ALERT: household: 1 (Goal: >5),snapshots_multiclass/low_stock_20251126_212630.jpg
2025-11-26 21:26:30,0,0,0,0,0,0,0,0,0,1,0,0,🚨 LOW STOCK ALERT: household: 1 (Goal: >5),snapshots_multiclass/low_stock_20251126_212630.jpg
2025-11-26 21:26:30,0,0,0,0,0,0,0,0,0,1,0,0,🚨 LOW STOCK ALERT: household: 1 (Goal: >5),snapshots_multiclass/low_stock_20251126_212630.jpg
2025-11-30 12:49:25,51,Stock OK (Visible),
2025-11-30 12:49:25,47,Stock OK (Visible),
2025-11-30 12:49:26,42,Stock OK (Visible),
2025-11-30 12:49:27,43,Stock OK (Visible),
2025-11-30 12:49:27,36,Stock OK (Visible),
2025-11-30 12:49:27,39,Stock OK (Visible),
2025-11-30 12:49:28,47,Stock OK (Visible),
2025-11-30 12:49:29,39,Stock OK (Visible),
2025-11-30 12:49:29,44,Stock OK (Visible),
2025-11-30 12:49:30,43,Stock OK (Visible),
2025-11-30 12:49:30,35,Stock OK (Visible),
2025-11-30 12:49:30,42,Stock OK (Visible),
2025-11-30 12:49:31,43,Stock OK (Visible),
2025-11-30 12:49:32,47,Stock OK (Visible),
2025-11-30 12:49:32,39,Stock OK (Visible),
2025-11-30 12:49:33,45,Stock OK (Visible),
2025-11-30 12:49:33,40,Stock OK (Visible),
2025-11-30 12:49:34,44,Stock OK (Visible),
2025-11-30 12:49:34,40,Stock OK (Visible),
2025-11-30 12:49:35,44,Stock OK (Visible),
2025-11-30 12:49:35,40,Stock OK (Visible),
2025-11-30 12:49:36,39,Stock OK (Visible),
2025-11-30 12:49:36,39,Stock OK (Visible),
2025-11-30 12:49:37,38,Stock OK (Visible),
2025-11-30 12:49:37,41,Stock OK (Visible),
2025-11-30 12:49:38,40,Stock OK (Visible),
2025-11-30 12:49:38,43,Stock OK (Visible),
2025-11-30 12:49:39,46,Stock OK (Visible),
2025-11-30 12:49:39,45,Stock OK (Visible),
2025-11-30 12:49:40,52,Stock OK (Visible),
2025-11-30 12:49:40,39,Stock OK (Visible),
2025-11-30 12:49:41,41,Stock OK (Visible),
2025-11-30 12:49:41,35,Stock OK (Visible),
2025-11-30 12:49:42,34,Stock OK (Visible),
2025-11-30 12:49:42,32,Stock OK (Visible),
2025-11-30 12:49:43,29,Stock OK (Visible),
2025-11-30 12:49:43,38,Stock OK (Visible),
2025-11-30 12:49:44,32,Stock OK (Visible),
2025-11-30 12:49:44,31,Stock OK (Visible),
2025-11-30 12:49:45,23,Stock OK (Visible),
2025-11-30 12:49:45,32,Stock OK (Visible),
2025-11-30 12:49:46,30,Stock OK (Visible),
2025-11-30 12:49:46,32,Stock OK (Visible),
2025-11-30 12:49:47,26,Stock OK (Visible),
2025-11-30 12:49:47,27,Stock OK (Visible),
2025-11-30 12:49:48,33,Stock OK (Visible),
2025-11-30 12:49:48,34,Stock OK (Visible),
2025-11-30 12:49:49,24,Stock OK (Visible),
2025-11-30 12:49:49,24,Stock OK (Visible),
2025-11-30 12:49:50,29,Stock OK (Visible),
2025-11-30 12:49:50,22,Stock OK (Visible),
2025-11-30 12:49:51,20,Stock OK (Visible),
2025-11-30 12:49:51,41,Stock OK (Visible),
2025-11-30 12:49:52,42,Stock OK (Visible),
2025-11-30 12:49:52,40,Stock OK (Visible),
2025-11-30 12:49:53,24,Stock OK (Visible),
2025-11-30 12:49:53,17,Stock OK (Visible),
2025-11-30 12:49:54,17,Stock OK (Visible),
2025-11-30 12:49:54,24,Stock OK (Visible),
2025-11-30 12:49:55,5,🚨 LOW STOCK (1 items): Product,snapshots_multiclass/low_stock_20251130_124955.jpg
2025-11-30 12:49:55,24,Stock OK (Visible),
2025-11-30 12:49:56,13,Stock OK (Visible),
2025-11-30 12:49:56,13,Stock OK (Visible),
2025-11-30 12:49:57,26,Stock OK (Visible),
2025-11-30 12:49:57,21,Stock OK (Visible),
2025-11-30 12:49:58,17,Stock OK (Visible),
2025-11-30 12:49:58,15,Stock OK (Visible),
2025-11-30 12:49:59,17,Stock OK (Visible),
2025-11-30 12:49:59,18,Stock OK (Visible),
2025-11-30 12:50:00,18,Stock OK (Visible),
2025-11-30 12:50:00,14,Stock OK (Visible),
2025-11-30 12:50:01,13,Stock OK (Visible),
2025-11-30 12:50:01,16,Stock OK (Visible),
2025-11-30 12:50:02,18,Stock OK (Visible),
2025-11-30 12:50:02,19,Stock OK (Visible),
2025-11-30 12:50:03,17,Stock OK (Visible),
2025-11-30 12:50:03,17,Stock OK (Visible),
2025-11-30 12:50:04,14,Stock OK (Visible),
2025-11-30 12:50:04,7,🚨 LOW STOCK (1 items): Product,snapshots_multiclass/low_stock_20251130_125004.jpg
2025-11-30 12:50:05,12,Stock OK (Visible),
2025-11-30 12:50:05,3,🚨 LOW STOCK (1 items): Product,snapshots_multiclass/low_stock_20251130_125005.jpg
2025-11-30 12:50:06,6,🚨 LOW STOCK (1 items): Product,snapshots_multiclass/low_stock_20251130_125006.jpg
2025-11-30 12:50:06,5,🚨 LOW STOCK (1 items): Product,snapshots_multiclass/low_stock_20251130_125006.jpg
2025-11-30 12:50:07,10,Stock OK (Visible),
2025-11-30 12:50:07,13,Stock OK (Visible),
2025-11-30 12:50:08,9,🚨 LOW STOCK (1 items): Product,snapshots_multiclass/low_stock_20251130_125008.jpg
2025-11-30 12:50:08,15,Stock OK (Visible),
2025-11-30 12:50:09,8,🚨 LOW STOCK (1 items): Product,snapshots_multiclass/low_stock_20251130_125009.jpg
2025-11-30 12:50:09,9,🚨 LOW STOCK (1 items): Product,snapshots_multiclass/low_stock_20251130_125009.jpg
2025-11-30 12:50:10,13,Stock OK (Visible),
2025-11-30 12:50:10,11,Stock OK (Visible),
2025-11-30 12:50:11,16,Stock OK (Visible),
2025-11-30 12:50:11,8,🚨 LOW STOCK (1 items): Product,snapshots_multiclass/low_stock_20251130_125011.jpg
2025-11-30 12:50:12,11,Stock OK (Visible),
2025-11-30 12:50:12,10,Stock OK (Visible),
2025-11-30 12:50:13,13,Stock OK (Visible),
2025-11-30 12:50:13,9,🚨 LOW STOCK (1 items): Product,snapshots_multiclass/low_stock_20251130_125013.jpg
2025-11-30 12:50:14,8,🚨 LOW STOCK (1 items): Product,snapshots_multiclass/low_stock_20251130_125014.jpg
2025-11-30 12:50:14,9,🚨 LOW STOCK (1 items): Product,snapshots_multiclass/low_stock_20251130_125014.jpg
2025-11-30 12:50:15,11,Stock OK (Visible),
2025-11-30 12:50:15,10,Stock OK (Visible),
2025-11-30 12:50:16,9,🚨 LOW STOCK (1 items): Product,snapshots_multiclass/low_stock_20251130_125016.jpg
2025-11-30 12:50:16,10,Stock OK (Visible),
2025-11-30 12:50:17,10,Stock OK (Visible),
2025-11-30 12:50:17,7,🚨 LOW STOCK (1 items): Product,snapshots_multiclass/low_stock_20251130_125017.jpg
2025-11-30 12:50:18,4,🚨 LOW STOCK (1 items): Product,snapshots_multiclass/low_stock_20251130_125018.jpg
2025-11-30 12:50:18,1,🚨 LOW STOCK (1 items): Product,snapshots_multiclass/low_stock_20251130_125018.jpg
2025-11-30 12:50:19,36,Stock OK (Visible),
2025-11-30 12:50:19,0,No Detections,
2025-11-30 12:50:20,0,No Detections,
2025-11-30 12:50:20,8,🚨 LOW STOCK (1 items): Product,snapshots_multiclass/low_stock_20251130_125020.jpg
2025-11-30 12:50:21,12,Stock OK (Visible),
2025-11-30 12:50:21,0,No Detections,
2025-11-30 12:50:22,28,Stock OK (Visible),
2025-11-30 12:50:22,1,🚨 LOW STOCK (1 items): Product,snapshots_multiclass/low_stock_20251130_125022.jpg
2025-11-30 12:50:23,2,🚨 LOW STOCK (1 items): Product,snapshots_multiclass/low_stock_20251130_125023.jpg
2025-11-30 12:50:23,2,🚨 LOW STOCK (1 items): Product,snapshots_multiclass/low_stock_20251130_125023.jpg
2025-11-30 13:02:55,0,0,0,0,0,0,0,0,0,0,0,0,0,0,0,0,0,0,0,0,0,0,0,0,0,0,0,0,0,0,0,0,0,0,0,0,0,0,0,0,0,0,0,0,0,0,0,0,0,0,0,0,0,0,0,0,0,0,0,0,0,0,0,0,0,0,0,0,0,0,0,0,1,0,0,0,0,0,0,0,Stock OK (Visible),
2025-11-30 13:02:55,0,0,0,0,0,0,0,0,0,0,0,0,0,0,0,0,0,0,0,0,0,0,0,0,0,0,0,0,0,0,0,0,0,0,0,0,0,0,0,0,0,0,0,0,0,0,0,0,0,0,0,0,0,0,0,0,0,0,0,0,0,0,0,0,0,0,0,0,0,0,0,0,1,0,0,0,0,0,0,0,Stock OK (Visible),
2025-11-30 13:02:56,0,0,0,0,0,0,0,0,0,0,0,0,0,0,0,0,0,0,0,0,0,0,0,0,0,0,0,0,0,0,0,0,0,0,0,0,0,0,0,0,0,0,0,0,0,0,0,0,0,0,0,0,0,0,0,0,0,0,0,0,0,0,0,0,0,0,0,0,0,0,0,0,1,0,0,0,0,0,0,0,Stock OK (Visible),
2025-11-30 13:02:56,0,0,0,0,0,0,0,0,0,0,0,0,0,0,0,0,0,0,0,0,0,0,0,0,0,0,0,0,0,0,0,0,0,0,0,0,0,0,0,0,0,0,0,0,0,0,0,0,0,0,0,0,0,0,0,0,0,0,0,0,0,0,0,0,0,0,0,0,0,0,0,0,1,0,0,0,0,0,0,0,Stock OK (Visible),
2025-11-30 13:02:57,0,0,0,0,0,0,0,0,0,0,0,0,0,0,0,0,0,0,0,0,0,0,0,0,0,0,0,0,0,0,0,0,0,0,0,0,0,0,0,0,0,0,0,0,0,0,0,0,0,0,0,0,0,0,0,0,0,0,0,0,0,0,0,0,0,0,0,0,0,0,0,0,1,0,0,0,0,0,0,0,Stock OK (Visible),
2025-11-30 13:02:57,0,0,0,0,0,0,0,0,0,0,0,0,0,0,0,0,0,0,0,0,0,0,0,0,0,0,0,0,0,0,0,0,0,0,0,0,0,0,0,0,0,0,0,0,0,0,0,0,0,0,0,0,0,0,0,0,0,0,0,0,0,0,0,0,0,0,0,0,0,0,0,0,0,0,0,0,0,0,0,0,No Detections,
2025-11-30 13:02:58,0,0,0,0,0,0,0,0,0,0,0,0,0,0,0,0,0,0,0,0,0,0,0,0,0,0,0,0,0,0,0,0,0,0,0,0,0,0,0,0,0,0,0,0,0,0,0,0,0,0,0,0,0,0,0,0,0,0,0,0,0,0,0,0,0,0,0,0,0,0,0,0,2,0,0,0,0,0,0,0,Stock OK (Visible),
2025-11-30 13:02:58,0,0,0,0,0,0,0,0,0,0,0,0,0,0,0,0,0,0,0,0,0,0,0,0,0,0,0,0,0,0,0,0,0,0,0,0,0,0,0,0,0,0,0,0,0,0,0,0,0,0,0,0,0,0,0,0,0,0,0,0,0,0,0,0,0,0,0,0,0,0,0,0,1,0,0,0,0,0,0,0,Stock OK (Visible),
2025-11-30 13:02:59,0,0,0,0,0,0,0,0,0,0,0,0,0,0,0,0,0,0,0,0,0,0,0,0,0,0,0,0,0,0,0,0,0,0,0,0,0,0,0,0,0,0,0,0,0,0,0,0,0,0,0,0,0,0,0,0,0,0,0,0,0,0,0,0,0,0,0,0,0,0,0,0,1,0,0,0,0,0,0,0,Stock OK (Visible),
2025-11-30 13:02:59,0,0,0,0,0,0,0,0,0,0,0,0,0,0,0,0,0,0,0,0,0,0,0,0,0,0,0,0,0,0,0,0,0,0,0,0,0,0,0,0,0,0,0,0,0,0,0,0,0,0,0,0,0,0,0,0,0,0,0,0,0,0,0,0,0,0,0,0,0,0,0,0,1,0,0,0,0,0,0,0,Stock OK (Visible),
2025-11-30 13:03:00,0,0,0,0,0,0,0,0,0,0,0,0,0,0,0,0,0,0,0,0,0,0,0,0,0,0,0,0,0,0,0,0,0,0,0,0,0,0,0,0,0,0,0,0,0,0,0,0,0,0,0,0,0,0,0,0,0,0,0,0,0,0,0,0,0,0,0,0,0,0,0,0,1,0,0,0,0,0,0,0,Stock OK (Visible),
2025-11-30 13:03:00,0,0,0,0,0,0,0,0,0,0,0,0,0,0,0,0,0,0,0,0,0,0,0,0,0,0,0,0,0,0,0,0,0,0,0,0,0,0,0,0,0,0,0,0,0,0,0,0,0,0,0,0,0,0,0,0,0,0,0,0,0,0,0,0,0,0,0,0,0,0,0,0,1,0,0,0,0,0,0,0,Stock OK (Visible),
2025-11-30 13:03:01,0,0,0,0,0,0,0,0,0,0,0,0,0,0,0,0,0,0,0,0,0,0,0,0,0,0,0,0,0,0,0,0,0,0,0,0,0,0,0,0,0,0,0,0,0,0,0,0,0,0,0,0,0,0,0,0,0,0,0,0,0,0,0,0,0,0,0,0,0,0,0,0,2,0,0,0,0,0,0,0,Stock OK (Visible),
2025-11-30 13:03:01,0,0,0,0,0,0,0,0,0,0,0,0,0,0,0,0,0,0,0,0,0,0,0,0,0,0,0,0,0,0,0,0,0,0,0,0,0,0,0,0,0,0,0,0,0,0,0,0,0,0,0,0,0,0,0,0,0,0,0,0,0,0,0,0,0,0,0,0,0,0,0,0,1,0,0,0,0,0,0,0,Stock OK (Visible),
2025-11-30 13:03:02,0,0,0,0,0,0,0,0,0,0,0,0,0,0,0,0,0,0,0,0,0,0,0,0,0,0,0,0,0,0,0,0,0,0,0,0,0,0,0,0,0,0,0,0,0,0,0,0,0,0,0,0,0,0,0,0,0,0,0,0,0,0,0,0,0,0,0,0,0,0,0,0,1,0,0,0,0,0,0,0,Stock OK (Visible),
2025-11-30 13:03:02,0,0,0,0,0,0,0,0,0,0,0,0,0,0,0,0,0,0,0,0,0,0,0,0,0,0,0,0,0,0,0,0,0,0,0,0,0,0,0,0,0,0,0,0,0,0,0,0,0,0,0,0,0,0,0,0,0,0,0,0,0,0,0,0,0,0,0,0,0,0,0,0,0,0,0,0,0,0,0,0,No Detections,
2025-11-30 13:03:03,0,0,0,0,0,0,0,0,0,0,0,0,0,0,0,0,0,0,0,0,0,0,0,0,0,0,0,0,0,0,0,0,0,0,0,0,0,0,0,0,0,0,0,0,0,0,0,0,0,0,0,0,0,0,0,0,0,0,0,0,0,0,0,0,0,0,0,0,0,0,0,0,0,0,0,0,0,0,0,2,Stock OK (Visible),
2025-11-30 13:03:03,0,0,0,0,0,0,0,0,0,0,0,0,0,0,0,0,0,0,0,0,0,0,0,0,0,0,0,0,0,0,0,0,0,0,0,0,0,0,0,0,0,0,0,0,0,0,0,0,0,0,0,0,0,0,0,0,0,0,0,0,0,0,0,0,0,0,0,0,0,0,0,0,0,0,0,0,0,0,0,0,No Detections,
2025-11-30 13:03:04,0,0,0,0,0,0,0,0,0,0,0,0,0,0,0,0,0,0,0,0,0,0,0,0,0,0,0,0,0,0,0,0,0,0,0,0,0,0,0,0,0,0,0,0,0,0,0,0,0,0,0,0,0,0,0,0,0,0,0,0,0,0,0,0,0,0,0,0,0,0,0,0,0,0,0,0,0,0,0,0,No Detections,
2025-11-30 13:03:04,0,0,0,0,0,0,0,0,0,0,0,0,0,0,0,0,0,0,0,0,0,0,0,0,0,0,0,0,0,0,0,0,0,0,0,0,0,0,0,0,0,0,0,0,0,0,0,0,0,0,0,0,0,0,0,0,0,0,0,0,0,0,0,0,0,0,0,0,0,0,0,0,0,0,0,0,0,0,0,0,No Detections,
2025-11-30 13:03:05,0,0,0,0,0,0,0,0,0,0,0,0,0,0,0,0,0,0,0,0,0,0,0,0,0,0,0,0,0,0,0,0,0,0,0,0,0,0,0,0,0,0,0,0,0,0,0,0,0,0,0,0,0,0,0,0,0,0,0,0,0,0,0,0,0,0,0,0,0,0,0,0,0,0,0,0,0,0,0,0,No Detections,
2025-11-30 13:03:05,0,0,0,0,0,0,0,0,0,0,0,0,0,0,0,0,0,0,0,0,0,0,0,0,0,0,0,0,0,0,0,0,0,0,0,0,0,0,0,0,0,0,0,0,0,0,0,0,0,0,0,0,0,0,0,0,0,0,0,0,0,0,1,0,0,0,0,0,0,0,0,0,0,0,0,0,0,0,0,0,Stock OK (Visible),
2025-11-30 13:03:06,0,0,0,0,0,0,0,0,0,0,0,0,0,0,0,0,0,0,0,0,0,0,0,0,0,0,0,0,0,0,0,0,0,0,0,0,0,0,0,0,0,0,0,0,0,0,0,0,0,0,0,0,0,0,0,0,0,0,0,0,0,0,1,0,0,0,0,0,0,0,0,0,0,0,0,0,0,0,0,0,Stock OK (Visible),
2025-11-30 13:03:06,0,0,0,0,0,0,0,0,0,0,0,0,0,0,0,0,0,0,0,0,0,0,0,0,0,0,0,0,0,0,0,0,0,0,0,0,0,0,0,0,0,0,0,0,0,0,0,0,0,0,0,0,0,0,0,0,0,0,0,0,0,0,0,0,0,0,0,0,0,0,0,0,1,0,0,0,0,0,0,0,Stock OK (Visible),
2025-11-30 13:03:07,0,0,0,0,0,0,0,0,0,0,0,0,0,0,0,0,0,0,0,0,0,0,0,0,0,0,0,0,0,0,0,0,0,0,0,0,0,0,0,0,0,0,0,0,0,0,0,0,0,0,0,0,0,0,0,0,0,0,0,0,0,0,0,0,0,0,0,0,0,0,0,0,1,0,0,0,0,0,0,0,Stock OK (Visible),
2025-11-30 13:03:07,0,0,0,0,0,0,0,0,0,0,0,0,0,0,0,0,0,0,0,0,0,0,0,0,0,0,0,0,0,0,0,0,0,0,0,0,0,0,0,0,0,0,0,0,0,0,0,0,0,0,0,0,0,0,0,0,0,0,0,0,0,0,0,0,0,0,0,0,0,0,0,0,1,0,0,0,0,0,0,0,Stock OK (Visible),
2025-11-30 13:03:08,0,0,0,0,0,0,0,0,0,0,0,0,0,0,0,0,0,0,0,0,0,0,0,0,0,0,0,0,0,0,0,0,0,0,0,0,0,0,0,0,0,0,0,0,0,0,0,0,0,0,0,0,0,0,0,0,0,0,0,0,0,0,0,0,0,0,0,0,0,0,0,0,1,0,0,0,0,0,0,0,Stock OK (Visible),
2025-11-30 13:03:08,0,0,0,0,0,0,0,0,0,0,0,0,0,0,0,0,0,0,0,0,0,0,0,0,0,0,0,0,0,0,0,0,0,0,0,0,0,0,0,0,0,0,0,0,0,0,0,0,0,0,0,0,0,0,0,0,0,0,0,0,0,0,0,0,0,0,0,0,0,0,0,0,1,0,0,0,0,0,0,0,Stock OK (Visible),
2025-11-30 13:03:09,0,0,0,0,0,0,0,0,0,0,0,0,0,0,0,0,0,0,0,0,0,0,0,0,0,0,0,0,0,0,0,0,0,0,0,0,0,0,0,0,0,0,0,0,0,0,0,0,0,0,0,0,0,0,0,0,0,0,0,0,0,0,0,0,0,0,0,0,0,0,0,0,1,0,0,0,0,0,0,0,Stock OK (Visible),
2025-11-30 13:03:09,0,0,0,0,0,0,0,0,0,0,0,0,0,0,0,0,0,0,0,0,0,0,0,0,0,0,0,0,0,0,0,0,0,0,0,0,0,0,0,0,0,0,0,0,0,0,0,0,0,0,0,0,0,0,0,0,0,0,0,0,0,0,0,0,0,0,0,0,0,0,0,0,1,0,0,0,0,0,0,0,Stock OK (Visible),
2025-11-30 13:03:10,0,0,0,0,0,0,0,0,0,0,0,0,0,0,0,0,0,0,0,0,0,0,0,0,0,0,0,0,0,0,0,0,0,0,0,0,0,0,0,0,0,0,0,0,0,0,0,0,0,0,0,0,0,0,0,0,0,0,0,0,0,0,0,0,0,0,0,0,0,0,0,0,1,0,0,0,0,0,0,0,Stock OK (Visible),
2025-11-30 13:03:10,0,0,0,0,0,0,0,0,0,0,0,0,0,0,0,0,0,0,0,0,0,0,0,0,0,0,0,0,0,0,0,0,0,0,0,0,0,0,0,0,0,0,0,0,0,0,0,0,0,0,0,0,0,0,0,0,0,0,0,0,0,0,0,0,0,0,0,0,0,0,0,0,1,0,0,0,0,0,0,0,Stock OK (Visible),
2025-11-30 13:03:11,0,0,0,0,0,0,0,0,0,0,0,0,0,0,0,0,0,0,0,0,0,0,0,0,0,0,0,0,0,0,0,0,0,0,0,0,0,0,0,0,0,0,0,0,0,0,0,0,0,0,0,0,0,0,0,0,0,0,0,0,0,0,0,0,0,0,0,0,0,0,0,0,1,0,0,0,0,0,0,0,Stock OK (Visible),
2025-11-30 13:03:11,0,0,0,0,0,0,0,0,0,0,0,0,0,0,0,0,0,0,0,0,0,0,0,0,0,0,0,0,0,0,0,0,0,0,0,0,0,0,0,0,0,0,0,0,0,0,0,0,0,0,0,0,0,0,0,0,0,0,0,0,0,0,0,0,0,0,0,0,0,0,0,0,1,0,0,0,0,0,0,0,Stock OK (Visible),
2025-11-30 13:03:12,0,0,0,0,0,0,0,0,0,0,0,0,0,0,0,0,0,0,0,0,0,0,0,0,0,0,0,0,0,0,0,0,0,0,0,0,0,0,0,0,0,0,0,0,0,0,0,0,0,0,0,0,0,0,0,0,0,0,0,0,0,0,0,0,0,0,0,0,0,0,0,0,1,0,0,0,0,0,0,0,Stock OK (Visible),
2025-11-30 13:03:12,0,0,0,0,0,0,0,0,0,0,0,0,0,0,0,0,0,0,0,0,0,0,0,0,0,0,0,0,0,0,0,0,0,0,0,0,0,0,0,0,0,0,0,0,0,0,0,0,0,0,0,0,0,0,0,0,0,0,0,0,0,0,0,0,0,0,0,0,0,0,0,0,1,0,0,0,0,0,0,0,Stock OK (Visible),
2025-11-30 13:03:13,0,0,0,0,0,0,0,0,0,0,0,0,0,0,0,0,0,0,0,0,0,0,0,0,0,0,0,0,0,0,0,0,0,0,0,0,0,0,0,0,0,0,0,0,0,0,0,0,0,0,0,0,0,0,0,0,0,0,0,0,0,0,0,0,0,0,0,0,0,0,0,0,1,0,0,0,0,0,0,0,Stock OK (Visible),
2025-11-30 13:03:13,0,0,0,0,0,0,0,0,0,0,0,0,0,0,0,0,0,0,0,0,0,0,0,0,0,0,0,0,0,0,0,0,0,0,0,0,0,0,0,0,0,0,0,0,0,0,0,0,0,0,0,0,0,0,0,0,0,0,0,0,0,0,0,0,0,0,0,0,0,0,0,0,2,0,0,0,0,0,0,0,Stock OK (Visible),
2025-11-30 13:03:14,0,0,0,0,0,0,0,0,0,0,0,0,0,0,0,0,0,0,0,0,0,0,0,0,0,0,0,0,0,0,0,0,0,0,0,0,0,0,0,0,0,0,0,0,0,0,0,0,0,0,0,0,0,0,0,0,0,0,0,0,0,0,0,0,0,0,0,0,0,0,0,0,1,0,0,0,0,0,0,0,Stock OK (Visible),
2025-11-30 13:03:14,0,0,0,0,0,0,0,0,0,0,0,0,0,0,0,0,0,0,0,0,0,0,0,0,0,0,0,0,0,0,0,0,0,0,0,0,0,0,0,0,0,0,0,0,0,0,0,0,0,0,0,0,0,0,0,0,0,0,0,0,0,0,0,0,0,0,0,0,0,0,0,0,1,0,0,0,0,0,0,0,Stock OK (Visible),
2025-11-30 13:03:15,0,0,0,0,0,0,0,0,0,0,0,0,0,0,0,0,0,0,0,0,0,0,0,0,0,0,0,0,0,0,0,0,0,0,0,0,0,0,0,0,0,0,0,0,0,0,0,0,0,0,0,0,0,0,0,0,0,0,0,0,0,0,1,0,0,0,0,0,0,0,0,0,0,0,0,0,0,0,0,0,Stock OK (Visible),
2025-11-30 13:03:15,0,0,0,0,0,0,0,0,0,0,0,0,0,0,0,0,0,0,0,0,0,0,0,0,0,0,0,0,0,0,0,0,0,0,0,0,0,0,0,0,0,0,0,0,0,0,0,0,0,0,0,0,0,0,0,0,0,0,0,0,0,0,0,0,0,0,0,0,0,0,0,0,0,0,0,0,0,0,0,0,No Detections,
2025-11-30 13:03:16,0,0,0,0,0,0,0,0,0,0,0,0,0,0,0,0,0,0,0,0,0,0,0,0,0,0,0,0,0,0,0,0,0,0,0,0,0,0,0,0,0,0,0,0,0,0,0,0,0,0,0,0,0,0,0,0,0,0,0,0,0,0,0,0,0,0,0,0,0,0,0,0,0,0,0,0,0,0,0,0,No Detections,
2025-11-30 13:03:16,0,0,0,0,0,0,0,0,0,0,0,0,0,0,0,0,0,0,0,0,0,0,0,0,0,0,0,0,0,0,0,0,0,0,0,0,0,0,0,0,0,0,0,0,0,0,0,0,0,0,0,0,0,0,0,0,0,0,0,0,0,0,1,0,0,0,0,0,0,0,0,0,0,0,0,0,0,0,0,0,Stock OK (Visible),
2025-11-30 13:03:17,0,0,0,0,0,0,0,0,0,0,0,0,0,0,0,0,0,0,0,0,0,0,0,0,0,0,0,0,0,0,0,0,0,0,0,0,0,0,0,0,0,0,0,0,0,0,0,0,0,0,0,0,0,0,0,0,0,0,0,0,0,0,0,0,0,0,0,0,0,0,0,0,1,0,0,0,0,0,0,0,Stock OK (Visible),
2025-11-30 13:03:17,0,0,0,0,0,0,0,0,0,0,0,0,0,0,0,0,0,0,0,0,0,0,0,0,0,0,0,0,0,0,0,0,0,0,0,0,0,0,0,0,0,0,0,0,0,0,0,0,0,0,0,0,0,0,0,0,0,0,0,0,0,0,0,0,0,0,0,0,0,0,0,0,1,0,0,0,0,0,0,0,Stock OK (Visible),
2025-11-30 13:03:18,0,0,0,0,0,0,0,0,0,0,0,0,0,0,0,0,0,0,0,0,0,0,0,0,0,0,0,0,0,0,0,0,0,0,0,0,0,0,0,0,0,0,0,0,0,0,0,0,0,0,0,0,0,0,0,0,0,0,0,0,0,0,0,0,0,0,0,0,0,0,0,0,1,0,0,0,0,0,0,0,Stock OK (Visible),
2025-11-30 13:03:18,0,0,0,0,0,0,0,0,0,0,0,0,0,0,0,0,0,0,0,0,0,0,0,0,0,0,0,0,0,0,0,0,0,0,0,0,0,0,0,0,0,0,0,0,0,0,0,0,0,0,0,0,0,0,0,0,0,0,0,0,0,0,0,0,0,0,0,0,0,0,0,0,1,0,0,0,0,0,0,0,Stock OK (Visible),
2025-11-30 13:03:19,0,0,0,0,0,0,0,0,0,0,0,0,0,0,0,0,0,0,0,0,0,0,0,0,0,0,0,0,0,0,0,0,0,0,0,0,0,0,0,0,0,0,0,0,0,0,0,0,0,0,0,0,0,0,0,0,0,0,0,0,0,0,0,0,0,0,0,0,0,0,0,0,1,0,0,0,0,0,0,0,Stock OK (Visible),
2025-11-30 13:03:19,0,0,0,0,0,0,0,0,0,0,0,0,0,0,0,0,0,0,0,0,0,0,0,0,0,0,0,0,0,0,0,0,0,0,0,0,0,0,0,0,0,0,0,0,0,0,0,0,0,0,0,0,0,0,0,0,0,0,0,0,0,0,0,0,0,0,0,0,0,0,0,0,1,0,0,0,0,0,0,0,Stock OK (Visible),
2025-11-30 13:03:20,0,0,0,0,0,0,0,0,0,0,0,0,0,0,0,0,0,0,0,0,0,0,0,0,0,0,0,0,0,0,0,0,0,0,0,0,0,0,0,0,0,0,0,0,0,0,0,0,0,0,0,0,0,0,0,0,0,0,0,0,0,0,0,0,0,0,0,0,0,0,0,0,1,0,0,0,0,0,0,0,Stock OK (Visible),
2025-11-30 13:03:20,0,0,0,0,0,0,0,0,0,0,0,0,0,0,0,0,0,0,0,0,0,0,0,0,0,0,0,0,0,0,0,0,0,0,0,0,0,0,0,0,0,0,0,0,0,0,0,0,0,0,0,0,0,0,0,0,0,0,0,0,0,0,0,0,0,0,0,0,0,0,0,0,0,0,0,0,0,0,0,0,No Detections,
2025-11-30 13:03:21,0,0,0,0,0,0,0,0,0,0,0,0,0,0,0,0,0,0,0,0,0,0,0,0,0,0,0,0,0,0,0,0,0,0,0,0,0,0,0,0,0,0,0,0,0,0,0,0,0,0,0,0,0,0,0,0,0,0,0,0,0,0,0,0,0,0,0,0,0,0,0,0,1,0,0,0,0,0,0,0,Stock OK (Visible),
2025-11-30 13:03:21,0,0,0,0,0,0,0,0,0,0,0,0,0,0,0,0,0,0,0,0,0,0,0,0,0,0,0,0,0,0,0,0,0,0,0,0,0,0,0,0,0,0,0,0,0,0,0,0,0,0,0,0,0,0,0,0,0,0,0,0,0,0,0,0,0,0,0,0,0,0,0,0,1,0,0,0,0,0,0,0,Stock OK (Visible),
2025-11-30 13:03:22,0,0,0,0,0,0,0,0,0,0,0,0,0,0,0,0,0,0,0,0,0,0,0,0,0,0,0,0,0,0,0,0,0,0,0,0,0,0,0,0,0,0,0,0,0,0,0,0,0,0,0,0,0,0,0,0,0,0,0,0,0,0,0,0,0,0,0,0,0,0,0,0,1,0,0,0,0,0,0,0,Stock OK (Visible),
2025-11-30 14:17:47,0,0,0,0,0,0,0,0,0,0,0,0,No Detections,
2025-11-30 14:17:48,0,0,0,0,0,1,0,0,0,0,0,0,🚨 LOW STOCK (1 items): chocolate,snapshots_multiclass/low_stock_20251130_141748.jpg
2025-11-30 14:17:49,0,0,0,0,0,0,0,0,0,0,0,0,No Detections,
2025-11-30 14:17:50,0,0,0,0,0,1,0,0,0,0,0,0,🚨 LOW STOCK (1 items): chocolate,snapshots_multiclass/low_stock_20251130_141750.jpg
2025-11-30 14:17:51,0,0,0,0,0,0,0,0,0,0,0,0,No Detections,
2025-11-30 14:17:52,0,0,0,0,0,0,0,0,0,0,0,0,No Detections,
2025-11-30 14:17:53,0,0,0,0,0,0,0,0,0,0,0,0,No Detections,
2025-11-30 14:17:54,0,0,0,0,0,0,0,0,0,0,0,0,No Detections,
2025-11-30 14:17:55,0,0,0,0,0,0,0,0,0,0,0,0,No Detections,
2025-11-30 14:17:56,0,0,0,0,0,0,0,0,0,0,0,0,No Detections,
2025-11-30 14:17:57,0,0,0,0,0,3,0,0,0,0,0,0,🚨 LOW STOCK (1 items): chocolate,snapshots_multiclass/low_stock_20251130_141757.jpg
2025-11-30 14:17:58,0,0,0,0,0,1,0,0,0,0,0,0,🚨 LOW STOCK (1 items): chocolate,snapshots_multiclass/low_stock_20251130_141758.jpg
2025-11-30 14:17:59,0,0,0,0,0,0,0,0,0,0,0,0,No Detections,
2025-11-30 14:18:00,0,0,0,0,0,0,0,0,0,0,0,0,No Detections,
2025-11-30 14:18:01,0,0,0,0,0,0,0,0,0,0,0,0,No Detections,
2025-11-30 14:18:02,0,0,0,0,0,0,0,0,0,0,0,0,No Detections,
2025-11-30 14:18:03,0,0,0,0,0,0,0,0,0,0,0,0,No Detections,
2025-11-30 14:18:04,0,0,0,0,0,0,0,0,0,0,0,0,No Detections,
2025-11-30 14:18:05,0,0,0,0,0,0,0,0,0,0,0,0,No Detections,
2025-11-30 14:18:06,0,0,0,0,0,1,0,0,0,0,0,0,🚨 LOW STOCK (1 items): chocolate,snapshots_multiclass/low_stock_20251130_141806.jpg
2025-11-30 14:18:07,0,0,0,0,0,0,0,0,0,0,0,0,No Detections,
2025-11-30 14:18:08,0,0,0,0,0,0,0,0,0,0,0,0,No Detections,
2025-11-30 14:18:09,0,0,0,0,0,0,0,0,0,0,0,0,No Detections,
2025-11-30 14:18:10,0,0,0,0,0,0,0,0,0,0,0,0,No Detections,
2025-11-30 14:18:11,0,0,0,0,0,0,0,0,0,0,0,0,No Detections,
2025-11-30 14:18:12,0,0,0,0,0,0,0,0,0,0,0,0,No Detections,
2025-11-30 14:18:13,0,0,0,0,0,0,0,0,0,0,0,0,No Detections,
2025-11-30 14:18:14,0,0,0,0,0,0,0,0,0,0,0,0,No Detections,
2025-11-30 14:18:15,0,0,0,0,0,0,0,0,0,0,0,0,No Detections,
2025-11-30 14:18:16,0,0,0,0,0,0,0,0,0,0,0,0,No Detections,
2025-11-30 14:18:17,0,0,0,0,0,0,0,0,0,0,0,0,No Detections,
2025-11-30 14:18:18,0,0,0,0,0,0,0,0,0,0,0,0,No Detections,
2025-11-30 14:18:19,0,0,0,0,0,0,0,0,0,0,0,0,No Detections,
2025-11-30 14:18:20,0,0,0,0,0,0,0,0,0,0,0,0,No Detections,
2025-11-30 14:18:21,0,0,0,0,0,0,0,0,0,0,0,0,No Detections,
2025-11-30 14:18:22,0,0,0,0,0,0,0,0,0,0,0,0,No Detections,
2025-11-30 14:18:23,0,0,0,0,0,0,0,0,0,0,0,0,No Detections,
2025-11-30 14:18:24,0,0,0,0,0,0,0,0,0,0,0,0,No Detections,
2025-11-30 14:18:25,0,0,0,0,0,0,0,0,0,0,0,0,No Detections,
2025-11-30 14:18:25,0,0,0,0,0,0,0,0,0,0,0,0,No Detections,
2025-11-30 14:22:56,1,0,0,0,0,0,0,0,0,2,0,0,"🚨 LOW STOCK (2 items): biscuits, household",snapshots_multiclass/low_stock_20251130_142256.jpg
2025-11-30 14:22:56,3,0,0,0,0,0,0,0,0,2,0,0,"🚨 LOW STOCK (2 items): biscuits, household",snapshots_multiclass/low_stock_20251130_142256.jpg
2025-11-30 14:22:57,3,0,0,0,0,0,0,0,0,2,0,0,"🚨 LOW STOCK (2 items): biscuits, household",snapshots_multiclass/low_stock_20251130_142257.jpg
2025-11-30 14:22:58,3,0,0,0,0,0,0,0,0,2,0,0,"🚨 LOW STOCK (2 items): biscuits, household",snapshots_multiclass/low_stock_20251130_142258.jpg
2025-11-30 14:22:59,3,0,0,0,0,0,0,0,0,2,0,0,"🚨 LOW STOCK (2 items): biscuits, household",snapshots_multiclass/low_stock_20251130_142259.jpg
2025-11-30 14:23:00,3,0,0,0,0,0,0,0,0,2,0,0,"🚨 LOW STOCK (2 items): biscuits, household",snapshots_multiclass/low_stock_20251130_142300.jpg
2025-11-30 14:23:01,3,0,0,0,0,0,0,1,0,0,0,0,"🚨 LOW STOCK (2 items): biscuits, drinks",snapshots_multiclass/low_stock_20251130_142301.jpg
2025-11-30 14:23:02,3,0,0,0,0,0,0,0,0,1,0,0,"🚨 LOW STOCK (2 items): biscuits, household",snapshots_multiclass/low_stock_20251130_142302.jpg
2025-11-30 14:23:03,1,0,0,0,0,0,0,0,0,2,0,0,"🚨 LOW STOCK (2 items): biscuits, household",snapshots_multiclass/low_stock_20251130_142303.jpg
2025-11-30 14:23:04,1,0,0,0,0,0,0,0,0,2,0,0,"🚨 LOW STOCK (2 items): biscuits, household",snapshots_multiclass/low_stock_20251130_142304.jpg
2025-11-30 14:23:05,0,0,0,0,0,0,0,0,0,2,0,0,🚨 LOW STOCK (1 items): household,snapshots_multiclass/low_stock_20251130_142305.jpg
2025-11-30 14:23:06,0,0,0,0,0,0,0,0,0,2,0,0,🚨 LOW STOCK (1 items): household,snapshots_multiclass/low_stock_20251130_142306.jpg
2025-11-30 14:23:07,1,0,0,0,0,0,0,0,0,2,0,0,"🚨 LOW STOCK (2 items): biscuits, household",snapshots_multiclass/low_stock_20251130_142307.jpg
2025-11-30 14:23:08,2,0,0,0,0,0,0,0,0,1,0,0,"🚨 LOW STOCK (2 items): biscuits, household",snapshots_multiclass/low_stock_20251130_142308.jpg
2025-11-30 14:23:09,2,0,0,0,0,0,0,0,0,2,0,0,"🚨 LOW STOCK (2 items): biscuits, household",snapshots_multiclass/low_stock_20251130_142309.jpg
2025-11-30 14:23:10,1,0,0,0,0,0,0,0,0,1,0,0,"🚨 LOW STOCK (2 items): biscuits, household",snapshots_multiclass/low_stock_20251130_142310.jpg
2025-11-30 14:23:11,0,0,0,0,0,0,0,0,0,0,0,0,No Detections,
2025-11-30 14:23:12,1,0,0,0,0,0,0,0,0,1,0,0,"🚨 LOW STOCK (2 items): biscuits, household",snapshots_multiclass/low_stock_20251130_142312.jpg
2025-11-30 14:23:13,0,0,0,0,0,0,0,0,0,0,0,0,No Detections,
2025-11-30 14:23:14,1,0,0,0,0,0,0,1,0,0,0,0,"🚨 LOW STOCK (2 items): biscuits, drinks",snapshots_multiclass/low_stock_20251130_142314.jpg
2025-11-30 14:23:15,4,0,0,0,0,0,0,0,0,0,1,0,"🚨 LOW STOCK (2 items): biscuits, snacks",snapshots_multiclass/low_stock_20251130_142315.jpg
2025-11-30 14:23:16,1,0,0,0,0,0,0,0,0,0,0,0,🚨 LOW STOCK (1 items): biscuits,snapshots_multiclass/low_stock_20251130_142316.jpg
2025-11-30 14:23:17,1,0,0,0,0,0,0,0,0,0,0,0,🚨 LOW STOCK (1 items): biscuits,snapshots_multiclass/low_stock_20251130_142317.jpg
2025-11-30 14:23:18,1,0,0,0,0,1,0,0,0,0,0,0,"🚨 LOW STOCK (2 items): biscuits, chocolate",snapshots_multiclass/low_stock_20251130_142318.jpg
2025-11-30 14:23:19,2,0,0,0,0,0,0,0,0,1,0,0,"🚨 LOW STOCK (2 items): biscuits, household",snapshots_multiclass/low_stock_20251130_142319.jpg
2025-11-30 14:23:20,1,0,0,0,0,0,0,0,0,0,0,0,🚨 LOW STOCK (1 items): biscuits,snapshots_multiclass/low_stock_20251130_142320.jpg
2025-11-30 14:23:21,1,0,0,0,0,0,0,0,0,1,0,0,"🚨 LOW STOCK (2 items): biscuits, household",snapshots_multiclass/low_stock_20251130_142321.jpg
2025-11-30 14:23:22,1,0,0,0,0,0,0,0,0,0,0,0,🚨 LOW STOCK (1 items): biscuits,snapshots_multiclass/low_stock_20251130_142322.jpg
2025-11-30 14:23:23,3,0,0,0,0,0,0,0,0,0,0,0,🚨 LOW STOCK (1 items): biscuits,snapshots_multiclass/low_stock_20251130_142323.jpg
2025-11-30 14:23:24,2,0,0,0,0,0,0,0,0,1,0,0,"🚨 LOW STOCK (2 items): biscuits, household",snapshots_multiclass/low_stock_20251130_142324.jpg
2025-11-30 14:23:25,0,0,0,0,0,2,0,0,0,0,0,0,🚨 LOW STOCK (1 items): chocolate,snapshots_multiclass/low_stock_20251130_142325.jpg
2025-11-30 14:23:26,0,0,0,0,0,0,0,0,0,0,0,0,No Detections,
2025-11-30 14:23:27,0,0,0,0,0,0,0,0,0,0,0,0,No Detections,
2025-11-30 14:23:28,0,0,0,0,0,0,0,0,0,0,0,0,No Detections,
2025-11-30 14:58:49,0,0,0,0,0,0,0,0,0,1,0,1,"🚨 LOW STOCK (2 items): household, stationary",snapshots_multiclass/low_stock_20251130_145849.jpg
2025-11-30 14:58:49,0,0,0,0,0,0,0,0,0,1,1,1,"🚨 LOW STOCK (3 items): household, snacks, stationary",snapshots_multiclass/low_stock_20251130_145849.jpg
2025-11-30 14:58:50,0,0,0,0,0,0,0,0,0,0,1,2,"🚨 LOW STOCK (2 items): snacks, stationary",snapshots_multiclass/low_stock_20251130_145850.jpg
2025-11-30 14:58:51,0,0,0,0,0,0,0,0,0,0,0,0,No Detections,
2025-11-30 14:58:52,0,0,0,0,0,0,0,0,0,0,0,0,No Detections,
2025-11-30 14:58:53,0,0,0,0,0,0,0,0,0,0,0,2,🚨 LOW STOCK (1 items): stationary,snapshots_multiclass/low_stock_20251130_145853.jpg
2025-11-30 14:58:54,0,0,0,0,0,0,0,0,0,1,0,0,🚨 LOW STOCK (1 items): household,snapshots_multiclass/low_stock_20251130_145854.jpg
2025-11-30 14:58:55,0,0,0,0,0,0,0,0,0,1,0,0,🚨 LOW STOCK (1 items): household,snapshots_multiclass/low_stock_20251130_145855.jpg
2025-11-30 14:58:56,2,0,0,0,0,0,0,0,0,0,0,2,"🚨 LOW STOCK (2 items): biscuits, stationary",snapshots_multiclass/low_stock_20251130_145856.jpg
2025-11-30 14:58:57,2,0,0,0,0,0,0,0,0,1,1,1,"🚨 LOW STOCK (4 items): biscuits, household, snacks, stationary",snapshots_multiclass/low_stock_20251130_145857.jpg
2025-11-30 14:58:58,2,0,0,0,0,0,0,0,0,1,0,1,"🚨 LOW STOCK (3 items): biscuits, household, stationary",snapshots_multiclass/low_stock_20251130_145858.jpg
2025-11-30 14:58:59,0,0,0,0,0,0,0,0,0,1,0,1,"🚨 LOW STOCK (2 items): household, stationary",snapshots_multiclass/low_stock_20251130_145859.jpg
2025-11-30 14:59:00,0,0,0,0,0,0,0,0,0,0,0,0,No Detections,
2025-11-30 14:59:01,0,0,1,0,0,0,0,0,0,1,0,1,"🚨 LOW STOCK (3 items): cake, household, stationary",snapshots_multiclass/low_stock_20251130_145901.jpg
2025-11-30 14:59:02,2,0,0,0,0,0,0,0,0,1,0,1,"🚨 LOW STOCK (3 items): biscuits, household, stationary",snapshots_multiclass/low_stock_20251130_145902.jpg
2025-11-30 14:59:03,0,0,1,0,0,0,0,0,0,2,0,1,"🚨 LOW STOCK (3 items): cake, household, stationary",snapshots_multiclass/low_stock_20251130_145903.jpg
2025-11-30 14:59:04,2,0,0,0,0,0,0,0,0,2,0,0,"🚨 LOW STOCK (2 items): biscuits, household",snapshots_multiclass/low_stock_20251130_145904.jpg
2025-11-30 14:59:05,1,0,0,0,0,0,0,0,0,0,0,2,"🚨 LOW STOCK (2 items): biscuits, stationary",snapshots_multiclass/low_stock_20251130_145905.jpg
2025-11-30 14:59:06,1,0,0,0,0,0,0,0,0,1,1,1,"🚨 LOW STOCK (4 items): biscuits, household, snacks, stationary",snapshots_multiclass/low_stock_20251130_145906.jpg
2025-11-30 14:59:07,1,0,0,0,0,0,0,0,0,1,1,1,"🚨 LOW STOCK (4 items): biscuits, household, snacks, stationary",snapshots_multiclass/low_stock_20251130_145907.jpg
2025-11-30 14:59:08,1,0,0,0,0,0,0,0,0,0,1,1,"🚨 LOW STOCK (3 items): biscuits, snacks, stationary",snapshots_multiclass/low_stock_20251130_145908.jpg
2025-11-30 14:59:09,2,0,0,0,0,0,0,0,0,0,1,1,"🚨 LOW STOCK (3 items): biscuits, snacks, stationary",snapshots_multiclass/low_stock_20251130_145909.jpg
2025-11-30 14:59:10,0,0,0,0,0,0,0,0,0,2,1,1,"🚨 LOW STOCK (3 items): household, snacks, stationary",snapshots_multiclass/low_stock_20251130_145910.jpg
2025-11-30 14:59:11,0,0,0,0,0,0,0,0,0,0,0,0,No Detections,
2025-11-30 14:59:12,0,0,0,0,0,0,0,0,0,0,0,0,No Detections,
2025-11-30 14:59:13,0,0,1,0,0,0,0,0,0,0,0,0,🚨 LOW STOCK (1 items): cake,snapshots_multiclass/low_stock_20251130_145913.jpg
2025-11-30 14:59:14,0,0,0,0,0,0,0,0,0,1,0,0,🚨 LOW STOCK (1 items): household,snapshots_multiclass/low_stock_20251130_145914.jpg
2025-11-30 14:59:15,2,0,0,0,0,0,0,0,0,1,1,1,"🚨 LOW STOCK (4 items): biscuits, household, snacks, stationary",snapshots_multiclass/low_stock_20251130_145915.jpg
2025-11-30 14:59:16,1,0,0,0,0,0,0,0,0,0,1,1,"🚨 LOW STOCK (3 items): biscuits, snacks, stationary",snapshots_multiclass/low_stock_20251130_145916.jpg
2025-11-30 14:59:17,1,0,0,0,0,0,0,0,0,1,1,0,"🚨 LOW STOCK (3 items): biscuits, household, snacks",snapshots_multiclass/low_stock_20251130_145917.jpg
2025-11-30 14:59:18,0,0,0,0,0,0,0,0,0,2,0,1,"🚨 LOW STOCK (2 items): household, stationary",snapshots_multiclass/low_stock_20251130_145918.jpg
2025-11-30 14:59:19,1,0,0,0,0,0,0,0,0,0,1,1,"🚨 LOW STOCK (3 items): biscuits, snacks, stationary",snapshots_multiclass/low_stock_20251130_145919.jpg
2025-11-30 14:59:20,0,0,1,0,0,0,0,0,0,0,0,0,🚨 LOW STOCK (1 items): cake,snapshots_multiclass/low_stock_20251130_145920.jpg
2025-11-30 14:59:21,0,0,0,0,0,0,0,0,0,0,0,3,🚨 LOW STOCK (1 items): stationary,snapshots_multiclass/low_stock_20251130_145921.jpg
2025-11-30 14:59:22,1,0,0,0,0,0,0,0,0,0,1,0,"🚨 LOW STOCK (2 items): biscuits, snacks",snapshots_multiclass/low_stock_20251130_145922.jpg
2025-11-30 14:59:23,0,0,1,0,0,0,0,0,0,0,0,0,🚨 LOW STOCK (1 items): cake,snapshots_multiclass/low_stock_20251130_145923.jpg
2025-11-30 14:59:24,1,0,0,0,0,0,0,0,0,0,0,0,🚨 LOW STOCK (1 items): biscuits,snapshots_multiclass/low_stock_20251130_145924.jpg
2025-11-30 14:59:25,0,0,0,0,0,0,0,0,0,0,0,1,🚨 LOW STOCK (1 items): stationary,snapshots_multiclass/low_stock_20251130_145925.jpg
2025-11-30 14:59:26,0,0,0,0,0,0,0,0,0,0,0,1,🚨 LOW STOCK (1 items): stationary,snapshots_multiclass/low_stock_20251130_145926.jpg
2025-11-30 14:59:27,2,0,0,0,0,0,0,0,0,0,0,0,🚨 LOW STOCK (1 items): biscuits,snapshots_multiclass/low_stock_20251130_145927.jpg
2025-11-30 14:59:28,0,0,0,0,0,0,0,0,0,0,0,1,🚨 LOW STOCK (1 items): stationary,snapshots_multiclass/low_stock_20251130_145928.jpg
2025-11-30 14:59:29,0,0,0,0,0,0,0,0,0,0,0,0,No Detections,
2025-11-30 14:59:30,0,0,0,0,0,0,0,0,0,0,0,0,No Detections,
2025-11-30 14:59:31,0,0,0,0,0,0,0,0,0,0,0,0,No Detections,
2025-11-30 14:59:32,0,0,0,0,0,0,0,0,0,0,0,3,🚨 LOW STOCK (1 items): stationary,snapshots_multiclass/low_stock_20251130_145932.jpg
2025-11-30 14:59:33,0,0,0,0,0,0,0,0,0,0,0,0,No Detections,
2025-11-30 14:59:34,0,0,0,0,0,0,0,0,0,0,0,0,No Detections,
2025-11-30 14:59:35,0,0,0,0,0,0,0,0,0,0,0,0,No Detections,
2025-11-30 14:59:36,0,0,0,0,0,0,0,0,0,0,0,0,No Detections,
2025-11-30 14:59:37,0,0,0,0,0,0,0,0,0,2,0,0,🚨 LOW STOCK (1 items): household,snapshots_multiclass/low_stock_20251130_145937.jpg
2025-11-30 14:59:38,0,0,0,0,0,0,0,0,0,0,0,3,🚨 LOW STOCK (1 items): stationary,snapshots_multiclass/low_stock_20251130_145938.jpg
2025-11-30 14:59:39,0,0,2,0,0,0,0,0,0,0,0,0,🚨 LOW STOCK (1 items): cake,snapshots_multiclass/low_stock_20251130_145939.jpg
2025-11-30 14:59:40,0,0,0,0,0,0,0,0,0,0,1,1,"🚨 LOW STOCK (2 items): snacks, stationary",snapshots_multiclass/low_stock_20251130_145940.jpg
2025-11-30 14:59:41,0,0,1,0,0,0,0,0,0,0,0,1,"🚨 LOW STOCK (2 items): cake, stationary",snapshots_multiclass/low_stock_20251130_145941.jpg
2025-11-30 14:59:42,0,0,1,0,0,0,0,0,0,1,0,2,"🚨 LOW STOCK (3 items): cake, household, stationary",snapshots_multiclass/low_stock_20251130_145942.jpg
2025-11-30 14:59:43,0,0,0,0,0,0,0,0,0,0,0,0,No Detections,
2025-11-30 14:59:44,0,0,0,0,0,0,0,0,0,0,0,1,🚨 LOW STOCK (1 items): stationary,snapshots_multiclass/low_stock_20251130_145944.jpg
2025-11-30 14:59:45,0,0,1,0,0,0,0,0,0,0,0,1,"🚨 LOW STOCK (2 items): cake, stationary",snapshots_multiclass/low_stock_20251130_145945.jpg
2025-11-30 14:59:46,0,0,0,0,0,0,0,0,0,0,0,0,No Detections,
2025-11-30 14:59:47,0,0,0,0,0,0,0,0,0,0,0,2,🚨 LOW STOCK (1 items): stationary,snapshots_multiclass/low_stock_20251130_145947.jpg
2025-11-30 14:59:48,0,0,0,0,0,0,0,0,0,0,0,0,No Detections,
2025-11-30 14:59:49,0,0,0,0,0,0,0,0,0,1,0,1,"🚨 LOW STOCK (2 items): household, stationary",snapshots_multiclass/low_stock_20251130_145949.jpg
2025-11-30 14:59:50,0,0,0,0,0,0,0,0,0,0,0,0,No Detections,
2025-11-30 14:59:51,0,0,0,0,0,0,0,0,0,0,0,0,No Detections,
2025-11-30 14:59:52,0,0,0,0,0,0,0,0,0,0,0,0,No Detections,
2025-11-30 14:59:53,0,0,0,0,0,0,0,0,0,0,0,0,No Detections,
2025-11-30 14:59:54,0,0,0,0,0,0,0,0,0,0,0,0,No Detections,
2025-11-30 14:59:55,0,0,0,0,0,0,0,0,0,0,0,0,No Detections,
2025-11-30 14:59:56,0,0,0,0,0,0,0,0,0,0,0,0,No Detections,
2025-11-30 14:59:57,0,0,0,0,0,0,0,0,0,0,0,0,No Detections,
2025-11-30 14:59:58,0,0,0,0,0,0,0,0,0,0,0,0,No Detections,
2025-11-30 14:59:59,0,0,0,0,0,0,0,0,0,0,0,0,No Detections,
2025-11-30 15:04:59,0,0,0,0,0,0,0,0,0,0,1,0,🚨 LOW STOCK (1 items): snacks,snapshots_multiclass/low_stock_20251130_150459.jpg
2025-11-30 15:05:00,0,0,0,0,0,0,0,0,0,0,0,0,No Detections,
2025-11-30 15:05:01,0,0,0,0,0,0,0,0,0,0,2,0,🚨 LOW STOCK (1 items): snacks,snapshots_multiclass/low_stock_20251130_150501.jpg
2025-11-30 15:05:02,0,0,0,0,0,0,0,0,0,0,0,0,No Detections,
2025-11-30 15:05:03,0,0,0,0,0,0,0,0,0,0,0,0,No Detections,
2025-11-30 15:05:04,0,0,0,0,0,0,0,0,0,0,0,0,No Detections,
2025-11-30 15:05:05,0,0,0,0,0,0,0,0,0,0,0,0,No Detections,
2025-11-30 15:05:06,0,0,0,0,0,0,0,0,0,1,1,0,"🚨 LOW STOCK (2 items): household, snacks",snapshots_multiclass/low_stock_20251130_150506.jpg
2025-11-30 15:05:07,0,0,0,0,0,0,0,0,0,0,0,0,No Detections,
2025-11-30 15:05:08,1,0,0,0,0,0,0,0,0,0,0,0,🚨 LOW STOCK (1 items): biscuits,snapshots_multiclass/low_stock_20251130_150508.jpg
2025-11-30 15:05:09,0,0,0,0,0,0,0,0,0,0,0,0,No Detections,
2025-11-30 15:05:10,0,0,0,0,0,0,0,0,0,0,0,0,No Detections,
2025-11-30 15:05:11,0,0,0,0,0,0,0,0,0,0,1,0,🚨 LOW STOCK (1 items): snacks,snapshots_multiclass/low_stock_20251130_150511.jpg
2025-11-30 15:05:12,0,0,0,0,0,0,0,0,0,0,0,0,No Detections,
2025-11-30 15:05:13,0,0,1,0,0,0,0,0,0,0,0,0,🚨 LOW STOCK (1 items): cake,snapshots_multiclass/low_stock_20251130_150513.jpg
2025-11-30 15:05:14,0,0,0,0,0,0,0,0,0,0,0,0,No Detections,
2025-11-30 15:05:15,0,0,0,0,0,0,0,0,0,0,1,0,🚨 LOW STOCK (1 items): snacks,snapshots_multiclass/low_stock_20251130_150515.jpg
2025-11-30 15:05:16,0,0,0,0,0,0,0,0,0,0,0,0,No Detections,
2025-11-30 15:05:17,0,0,1,0,0,0,0,0,0,0,0,0,🚨 LOW STOCK (1 items): cake,snapshots_multiclass/low_stock_20251130_150517.jpg
2025-11-30 15:05:18,0,0,0,0,0,0,0,0,0,0,0,0,No Detections,
2025-11-30 15:05:19,0,0,0,0,0,0,0,0,0,0,0,0,No Detections,
2025-11-30 15:05:20,0,0,0,0,0,0,0,0,0,0,0,0,No Detections,
2025-11-30 15:05:21,0,0,0,0,0,0,0,0,0,2,0,0,🚨 LOW STOCK (1 items): household,snapshots_multiclass/low_stock_20251130_150521.jpg
2025-11-30 15:05:22,0,0,0,0,0,0,0,0,0,0,0,0,No Detections,
2025-11-30 15:05:23,0,0,0,0,0,0,0,0,0,0,0,0,No Detections,
2025-11-30 15:05:24,0,0,0,0,0,0,0,0,0,0,0,0,No Detections,
2025-11-30 15:05:25,0,0,0,0,0,0,0,0,0,0,0,0,No Detections,
2025-11-30 15:05:26,0,0,0,0,0,0,0,0,0,0,0,0,No Detections,
2025-11-30 15:05:27,0,0,0,0,0,0,0,0,0,2,0,0,🚨 LOW STOCK (1 items): household,snapshots_multiclass/low_stock_20251130_150527.jpg
2025-11-30 15:05:28,0,0,0,0,0,0,0,0,0,0,0,0,No Detections,
2025-11-30 15:05:29,0,0,0,0,0,0,0,1,0,0,0,0,🚨 LOW STOCK (1 items): drinks,snapshots_multiclass/low_stock_20251130_150529.jpg
2025-11-30 15:05:30,2,0,0,0,0,0,0,0,0,0,0,0,🚨 LOW STOCK (1 items): biscuits,snapshots_multiclass/low_stock_20251130_150530.jpg
2025-11-30 15:05:31,0,0,0,0,0,0,0,0,0,0,0,0,No Detections,
2025-11-30 15:05:32,0,0,0,0,0,0,0,0,0,0,0,0,No Detections,
2025-11-30 15:05:33,0,0,0,0,0,0,0,0,0,0,0,0,No Detections,
2025-11-30 15:05:34,0,0,0,0,0,0,0,2,0,0,0,0,🚨 LOW STOCK (1 items): drinks,snapshots_multiclass/low_stock_20251130_150534.jpg
2025-11-30 15:05:35,0,0,0,0,0,0,0,0,0,0,0,0,No Detections,
2025-11-30 15:05:36,0,0,0,0,0,0,0,0,0,0,0,0,No Detections,
2025-11-30 15:05:37,0,0,0,0,0,0,0,0,0,0,0,0,No Detections,
2025-11-30 15:05:38,1,0,0,0,0,0,0,0,0,0,0,0,🚨 LOW STOCK (1 items): biscuits,snapshots_multiclass/low_stock_20251130_150538.jpg
2025-11-30 15:05:39,0,0,0,0,0,0,0,2,0,0,0,0,🚨 LOW STOCK (1 items): drinks,snapshots_multiclass/low_stock_20251130_150539.jpg
2025-11-30 15:05:40,0,0,0,0,0,0,0,0,0,0,0,0,No Detections,
2025-11-30 15:05:41,0,0,0,0,0,0,0,2,0,0,0,0,🚨 LOW STOCK (1 items): drinks,snapshots_multiclass/low_stock_20251130_150541.jpg
2025-11-30 15:05:42,0,0,0,0,0,0,0,2,0,0,0,0,🚨 LOW STOCK (1 items): drinks,snapshots_multiclass/low_stock_20251130_150542.jpg
2025-11-30 15:05:43,0,0,0,0,0,0,0,2,0,0,0,0,🚨 LOW STOCK (1 items): drinks,snapshots_multiclass/low_stock_20251130_150543.jpg
2025-11-30 15:05:44,0,0,1,0,0,0,0,2,0,0,0,0,"🚨 LOW STOCK (2 items): cake, drinks",snapshots_multiclass/low_stock_20251130_150544.jpg
2025-11-30 15:05:45,0,0,1,0,0,0,0,2,0,0,0,0,"🚨 LOW STOCK (2 items): cake, drinks",snapshots_multiclass/low_stock_20251130_150545.jpg
2025-11-30 15:05:46,0,0,0,0,0,0,0,2,0,0,0,0,🚨 LOW STOCK (1 items): drinks,snapshots_multiclass/low_stock_20251130_150546.jpg
2025-11-30 15:05:47,0,0,1,0,0,0,0,2,0,0,0,0,"🚨 LOW STOCK (2 items): cake, drinks",snapshots_multiclass/low_stock_20251130_150547.jpg
2025-11-30 15:05:48,0,0,1,0,0,0,0,2,0,0,0,0,"🚨 LOW STOCK (2 items): cake, drinks",snapshots_multiclass/low_stock_20251130_150548.jpg
2025-11-30 15:05:49,0,0,0,0,0,0,0,2,0,0,0,0,🚨 LOW STOCK (1 items): drinks,snapshots_multiclass/low_stock_20251130_150549.jpg
2025-11-30 15:05:50,0,0,0,0,0,0,0,2,0,0,0,0,🚨 LOW STOCK (1 items): drinks,snapshots_multiclass/low_stock_20251130_150550.jpg
2025-11-30 15:05:51,0,0,0,0,0,0,0,0,0,0,0,0,No Detections,
2025-11-30 15:05:52,0,0,0,0,0,0,0,0,0,0,0,0,No Detections,
2025-11-30 15:05:53,0,0,0,0,0,0,0,0,0,0,0,0,No Detections,
2025-11-30 15:05:54,0,0,0,0,0,0,0,0,0,1,0,0,🚨 LOW STOCK (1 items): household,snapshots_multiclass/low_stock_20251130_150554.jpg
2025-11-30 15:05:55,0,0,1,0,0,0,0,0,0,3,0,0,"🚨 LOW STOCK (2 items): cake, household",snapshots_multiclass/low_stock_20251130_150555.jpg
2025-11-30 15:05:55,0,0,1,0,0,0,0,0,0,3,0,0,"🚨 LOW STOCK (2 items): cake, household",snapshots_multiclass/low_stock_20251130_150555.jpg
2025-11-30 16:28:27,0,0,0,0,0,0,0,0,0,0,0,0,No Detections,
2025-11-30 16:28:28,0,0,0,0,0,0,0,0,0,0,0,0,No Detections,
2025-11-30 16:28:29,0,0,0,0,0,0,0,0,0,0,0,0,No Detections,
2025-11-30 16:28:30,0,0,0,0,0,0,0,0,0,0,0,0,No Detections,
2025-11-30 16:28:31,0,0,0,0,0,0,0,0,0,5,0,0,Stock OK (Visible),
2025-11-30 16:28:32,0,0,0,0,0,0,0,0,0,1,0,0,🚨 LOW STOCK (1 items): household,snapshots_multiclass/low_stock_20251130_162832.jpg
2025-11-30 16:28:33,1,0,1,0,0,0,0,0,0,1,0,0,"🚨 LOW STOCK (3 items): biscuits, cake, household",snapshots_multiclass/low_stock_20251130_162833.jpg
2025-11-30 16:28:34,0,0,0,0,0,0,0,1,0,1,0,0,"🚨 LOW STOCK (2 items): drinks, household",snapshots_multiclass/low_stock_20251130_162834.jpg
2025-11-30 16:28:35,1,0,0,0,0,0,0,0,0,1,0,0,"🚨 LOW STOCK (2 items): biscuits, household",snapshots_multiclass/low_stock_20251130_162835.jpg
2025-11-30 16:28:36,0,0,0,0,0,0,0,0,0,1,0,0,🚨 LOW STOCK (1 items): household,snapshots_multiclass/low_stock_20251130_162836.jpg
2025-11-30 16:28:37,1,0,0,0,0,0,0,2,0,1,0,0,"🚨 LOW STOCK (3 items): biscuits, drinks, household",snapshots_multiclass/low_stock_20251130_162837.jpg
2025-11-30 16:28:38,1,0,0,0,0,0,0,0,0,1,0,0,"🚨 LOW STOCK (2 items): biscuits, household",snapshots_multiclass/low_stock_20251130_162838.jpg
2025-11-30 16:28:39,1,0,0,0,0,0,0,2,0,1,0,0,"🚨 LOW STOCK (3 items): biscuits, drinks, household",snapshots_multiclass/low_stock_20251130_162839.jpg
2025-11-30 16:28:40,0,0,0,0,0,0,0,1,0,1,0,0,"🚨 LOW STOCK (2 items): drinks, household",snapshots_multiclass/low_stock_20251130_162840.jpg
2025-11-30 16:28:41,0,0,1,0,0,0,0,0,0,2,0,0,"🚨 LOW STOCK (2 items): cake, household",snapshots_multiclass/low_stock_20251130_162841.jpg
2025-11-30 16:28:42,0,0,0,0,0,0,0,1,0,2,0,0,"🚨 LOW STOCK (2 items): drinks, household",snapshots_multiclass/low_stock_20251130_162842.jpg
2025-11-30 16:28:43,0,0,0,0,0,0,0,0,0,1,0,0,🚨 LOW STOCK (1 items): household,snapshots_multiclass/low_stock_20251130_162843.jpg
2025-11-30 16:28:44,0,0,0,0,0,0,0,0,0,0,1,0,🚨 LOW STOCK (1 items): snacks,snapshots_multiclass/low_stock_20251130_162844.jpg
2025-11-30 16:28:45,1,0,0,0,0,0,0,0,0,1,1,0,"🚨 LOW STOCK (3 items): biscuits, household, snacks",snapshots_multiclass/low_stock_20251130_162845.jpg
2025-11-30 16:28:46,1,0,0,0,0,0,0,1,0,0,0,0,"🚨 LOW STOCK (2 items): biscuits, drinks",snapshots_multiclass/low_stock_20251130_162846.jpg
2025-11-30 16:28:47,1,0,1,0,0,0,0,1,0,1,0,0,"🚨 LOW STOCK (4 items): biscuits, cake, drinks, household",snapshots_multiclass/low_stock_20251130_162847.jpg
2025-11-30 16:28:48,0,0,0,0,0,0,0,0,0,0,0,0,No Detections,
2025-11-30 16:28:49,0,0,0,0,0,0,0,0,0,0,0,0,No Detections,
2025-11-30 16:28:50,0,0,0,0,0,0,0,0,0,0,0,0,No Detections,
2025-11-30 16:28:51,0,0,0,0,0,0,0,0,0,0,0,0,No Detections,
2025-11-30 16:28:52,0,0,0,0,0,0,0,0,0,0,0,0,No Detections,
2025-11-30 16:28:53,0,0,0,0,0,0,0,0,0,0,0,0,No Detections,
2025-11-30 16:55:06,0,0,0,0,0,0,0,0,0,0,0,0,No Detections,
2025-11-30 16:55:06,0,0,0,0,0,0,0,0,0,0,0,0,No Detections,
2025-11-30 16:55:07,0,0,0,0,0,0,0,0,0,0,0,0,No Detections,
2025-11-30 16:55:08,0,0,1,0,0,0,0,0,0,0,0,0,🚨 LOW STOCK (1 items): cake,snapshots_multiclass/low_stock_20251130_165508.jpg
2025-11-30 16:55:09,0,0,0,0,0,0,0,0,0,0,0,0,No Detections,
2025-11-30 16:55:10,0,0,0,0,0,0,0,0,0,0,0,0,No Detections,
2025-11-30 16:55:11,0,0,0,0,0,0,0,0,0,0,0,0,No Detections,
2025-11-30 16:55:12,0,0,0,0,0,0,0,0,0,0,0,0,No Detections,
2025-11-30 16:55:13,0,0,0,0,0,0,0,0,0,0,0,0,No Detections,
2025-11-30 16:55:14,0,0,0,0,0,0,0,0,0,0,0,0,No Detections,
2025-11-30 16:55:15,0,0,0,0,0,0,0,0,0,0,0,0,No Detections,
2025-11-30 16:55:16,0,0,0,0,0,0,0,0,0,0,0,0,No Detections,
2025-11-30 16:55:17,0,0,0,0,0,0,0,0,0,0,0,0,No Detections,
2025-11-30 16:55:18,0,0,0,0,0,0,0,0,0,0,0,0,No Detections,
2025-11-30 16:55:19,0,0,1,0,0,1,0,0,0,1,0,0,"🚨 LOW STOCK (3 items): cake, chocolate, household",snapshots_multiclass/low_stock_20251130_165519.jpg
2025-11-30 16:55:20,0,0,2,0,0,3,0,0,0,0,0,0,"🚨 LOW STOCK (2 items): cake, chocolate",snapshots_multiclass/low_stock_20251130_165520.jpg
2025-11-30 16:55:21,1,0,1,0,0,2,0,0,0,0,0,0,"🚨 LOW STOCK (3 items): biscuits, cake, chocolate",snapshots_multiclass/low_stock_20251130_165521.jpg
2025-11-30 16:55:22,0,0,3,0,0,2,0,0,0,1,0,0,"🚨 LOW STOCK (2 items): chocolate, household",snapshots_multiclass/low_stock_20251130_165522.jpg
2025-11-30 16:55:23,0,0,4,0,0,4,0,0,0,2,0,0,"🚨 LOW STOCK (2 items): chocolate, household",snapshots_multiclass/low_stock_20251130_165523.jpg
2025-11-30 16:55:24,3,0,1,0,0,0,0,0,0,3,0,0,"🚨 LOW STOCK (3 items): biscuits, cake, household",snapshots_multiclass/low_stock_20251130_165524.jpg
2025-11-30 16:55:25,0,0,5,0,0,0,0,0,0,0,0,0,Stock OK (Visible),
2025-11-30 16:55:26,0,0,1,0,0,0,0,0,0,0,0,0,🚨 LOW STOCK (1 items): cake,snapshots_multiclass/low_stock_20251130_165526.jpg
2025-11-30 16:55:27,0,0,3,0,0,0,0,0,0,0,0,0,Stock OK (Visible),
2025-11-30 16:55:28,0,0,2,1,0,0,0,0,0,1,0,0,"🚨 LOW STOCK (3 items): cake, chewing gum, household",snapshots_multiclass/low_stock_20251130_165528.jpg
2025-11-30 16:55:29,0,0,4,1,0,0,0,0,0,0,0,0,🚨 LOW STOCK (1 items): chewing gum,snapshots_multiclass/low_stock_20251130_165529.jpg
2025-11-30 16:55:30,0,0,3,0,0,1,0,0,0,1,0,0,"🚨 LOW STOCK (2 items): chocolate, household",snapshots_multiclass/low_stock_20251130_165530.jpg
2025-11-30 16:55:31,0,0,2,0,0,0,0,0,0,0,0,0,🚨 LOW STOCK (1 items): cake,snapshots_multiclass/low_stock_20251130_165531.jpg
2025-11-30 16:55:32,0,0,4,1,0,0,0,0,0,0,0,0,🚨 LOW STOCK (1 items): chewing gum,snapshots_multiclass/low_stock_20251130_165532.jpg
2025-11-30 16:55:33,0,0,5,0,0,0,0,0,0,0,0,0,Stock OK (Visible),
2025-11-30 16:55:34,3,0,2,0,0,0,0,0,0,0,0,0,"🚨 LOW STOCK (2 items): biscuits, cake",snapshots_multiclass/low_stock_20251130_165534.jpg
2025-11-30 16:55:35,0,0,2,0,0,1,0,2,0,1,0,0,"🚨 LOW STOCK (4 items): cake, chocolate, drinks, household",snapshots_multiclass/low_stock_20251130_165535.jpg
2025-11-30 16:55:36,5,0,5,0,0,0,0,2,0,1,0,0,"🚨 LOW STOCK (3 items): biscuits, drinks, household",snapshots_multiclass/low_stock_20251130_165536.jpg
2025-11-30 16:55:37,9,0,0,0,0,1,0,3,0,0,0,0,"🚨 LOW STOCK (3 items): biscuits, chocolate, drinks",snapshots_multiclass/low_stock_20251130_165537.jpg
2025-11-30 16:55:38,9,0,0,0,0,1,0,3,0,0,0,0,"🚨 LOW STOCK (3 items): biscuits, chocolate, drinks",snapshots_multiclass/low_stock_20251130_165538.jpg
2025-11-30 16:55:39,10,0,3,0,0,2,0,2,0,0,0,0,"🚨 LOW STOCK (2 items): chocolate, drinks",snapshots_multiclass/low_stock_20251130_165539.jpg
2025-11-30 16:55:40,10,0,2,0,0,0,0,2,0,0,0,0,"🚨 LOW STOCK (2 items): cake, drinks",snapshots_multiclass/low_stock_20251130_165540.jpg
2025-11-30 16:55:41,6,0,8,0,0,0,0,2,0,0,0,0,"🚨 LOW STOCK (2 items): biscuits, drinks",snapshots_multiclass/low_stock_20251130_165541.jpg
2025-11-30 16:55:42,1,0,0,0,0,0,0,0,0,0,0,0,🚨 LOW STOCK (1 items): biscuits,snapshots_multiclass/low_stock_20251130_165542.jpg
2025-11-30 16:55:43,7,0,0,0,0,0,0,0,0,0,0,0,🚨 LOW STOCK (1 items): biscuits,snapshots_multiclass/low_stock_20251130_165543.jpg
2025-11-30 16:55:44,22,0,0,0,0,0,0,0,0,0,0,0,Stock OK (Visible),
2025-11-30 16:55:45,24,0,0,0,0,0,0,2,0,1,0,0,"🚨 LOW STOCK (2 items): drinks, household",snapshots_multiclass/low_stock_20251130_165545.jpg
2025-11-30 16:55:46,35,0,1,0,0,0,0,0,0,0,0,0,🚨 LOW STOCK (1 items): cake,snapshots_multiclass/low_stock_20251130_165546.jpg
2025-11-30 16:55:47,36,0,3,0,0,0,0,1,0,0,0,0,🚨 LOW STOCK (1 items): drinks,snapshots_multiclass/low_stock_20251130_165547.jpg
2025-11-30 16:55:48,32,0,0,0,0,0,0,0,0,0,0,0,Stock OK (Visible),
2025-11-30 16:55:49,36,0,0,0,0,0,0,0,0,0,0,0,Stock OK (Visible),
2025-11-30 16:55:50,37,0,0,0,0,0,0,0,0,0,0,0,Stock OK (Visible),
2025-11-30 16:55:51,32,0,0,0,0,0,0,0,0,0,0,0,Stock OK (Visible),
2025-11-30 16:55:52,29,0,0,0,0,0,0,0,0,0,0,0,Stock OK (Visible),
2025-11-30 16:55:53,34,0,0,0,0,0,0,0,0,0,0,0,Stock OK (Visible),
2025-11-30 16:55:54,0,0,14,0,0,4,0,0,0,0,0,0,🚨 LOW STOCK (1 items): chocolate,snapshots_multiclass/low_stock_20251130_165554.jpg
2025-11-30 16:55:55,0,0,2,0,0,25,0,0,0,1,1,0,"🚨 LOW STOCK (3 items): cake, household, snacks",snapshots_multiclass/low_stock_20251130_165555.jpg
2025-11-30 16:55:56,0,0,1,0,0,18,0,0,0,0,0,0,🚨 LOW STOCK (1 items): cake,snapshots_multiclass/low_stock_20251130_165556.jpg
2025-11-30 16:55:57,0,0,0,0,0,15,0,0,0,0,0,0,Stock OK (Visible),
2025-11-30 16:55:58,0,0,1,0,0,23,0,0,0,1,0,0,"🚨 LOW STOCK (2 items): cake, household",snapshots_multiclass/low_stock_20251130_165558.jpg
2025-11-30 16:55:59,0,0,0,0,0,24,0,0,0,3,0,0,🚨 LOW STOCK (1 items): household,snapshots_multiclass/low_stock_20251130_165559.jpg
2025-11-30 16:56:00,0,0,4,0,0,28,0,0,0,0,0,0,Stock OK (Visible),
2025-11-30 16:56:01,0,0,0,0,0,36,0,0,0,0,0,0,Stock OK (Visible),
2025-11-30 16:56:02,0,0,0,0,0,0,0,0,0,0,0,0,No Detections,
2025-11-30 16:56:03,17,0,3,0,0,0,0,0,0,0,0,0,Stock OK (Visible),
2025-11-30 16:56:04,21,0,2,0,0,0,0,0,0,0,0,0,🚨 LOW STOCK (1 items): cake,snapshots_multiclass/low_stock_20251130_165604.jpg
2025-11-30 16:56:05,20,0,3,0,0,0,0,0,0,0,0,0,Stock OK (Visible),
2025-11-30 16:56:06,22,0,0,0,0,0,0,0,0,0,0,0,Stock OK (Visible),
2025-11-30 16:56:07,26,0,4,0,0,0,0,0,0,1,0,0,🚨 LOW STOCK (1 items): household,snapshots_multiclass/low_stock_20251130_165607.jpg
2025-11-30 16:56:08,26,0,1,0,0,0,0,0,0,1,0,0,"🚨 LOW STOCK (2 items): cake, household",snapshots_multiclass/low_stock_20251130_165608.jpg
2025-11-30 16:56:09,24,0,1,0,0,0,0,0,0,0,0,0,🚨 LOW STOCK (1 items): cake,snapshots_multiclass/low_stock_20251130_165609.jpg
2025-11-30 16:56:10,1,0,0,0,0,0,0,0,0,0,0,0,🚨 LOW STOCK (1 items): biscuits,snapshots_multiclass/low_stock_20251130_165610.jpg
2025-11-30 16:56:11,0,0,2,0,0,2,0,0,0,0,0,0,"🚨 LOW STOCK (2 items): cake, chocolate",snapshots_multiclass/low_stock_20251130_165611.jpg
2025-11-30 16:56:12,0,0,1,0,0,0,0,0,0,1,0,0,"🚨 LOW STOCK (2 items): cake, household",snapshots_multiclass/low_stock_20251130_165612.jpg
2025-11-30 16:56:13,0,0,2,0,0,0,0,0,0,0,0,0,🚨 LOW STOCK (1 items): cake,snapshots_multiclass/low_stock_20251130_165613.jpg
2025-11-30 16:56:14,0,0,3,0,0,0,0,0,0,0,0,0,Stock OK (Visible),
2025-11-30 16:56:15,0,0,0,0,0,0,0,0,0,0,0,0,No Detections,
2025-11-30 16:56:16,2,0,2,0,0,0,0,0,0,0,0,0,"🚨 LOW STOCK (2 items): biscuits, cake",snapshots_multiclass/low_stock_20251130_165616.jpg
2025-11-30 16:56:17,0,0,1,0,0,0,0,0,0,0,0,0,🚨 LOW STOCK (1 items): cake,snapshots_multiclass/low_stock_20251130_165617.jpg
2025-11-30 16:56:18,0,0,7,0,0,1,0,0,0,0,0,0,🚨 LOW STOCK (1 items): chocolate,snapshots_multiclass/low_stock_20251130_165618.jpg
2025-11-30 16:56:19,0,0,10,0,0,1,0,0,0,0,0,0,🚨 LOW STOCK (1 items): chocolate,snapshots_multiclass/low_stock_20251130_165619.jpg
2025-11-30 16:56:20,0,0,0,0,0,6,0,0,0,0,0,0,Stock OK (Visible),
2025-11-30 16:56:21,0,0,3,0,0,0,0,0,0,2,0,0,🚨 LOW STOCK (1 items): household,snapshots_multiclass/low_stock_20251130_165621.jpg
2025-11-30 16:56:22,0,0,4,0,0,0,0,0,0,1,0,0,🚨 LOW STOCK (1 items): household,snapshots_multiclass/low_stock_20251130_165622.jpg
2025-11-30 16:56:23,0,0,2,0,0,0,0,0,0,0,0,0,🚨 LOW STOCK (1 items): cake,snapshots_multiclass/low_stock_20251130_165623.jpg
2025-11-30 16:56:24,0,0,1,0,0,0,0,0,0,0,0,0,🚨 LOW STOCK (1 items): cake,snapshots_multiclass/low_stock_20251130_165624.jpg
2025-11-30 16:56:25,0,0,23,0,0,0,0,0,0,1,0,0,🚨 LOW STOCK (1 items): household,snapshots_multiclass/low_stock_20251130_165625.jpg
2025-11-30 16:56:26,0,0,23,0,0,0,0,0,0,17,0,0,Stock OK (Visible),
2025-11-30 16:56:27,0,0,9,0,0,0,0,0,0,3,0,0,🚨 LOW STOCK (1 items): household,snapshots_multiclass/low_stock_20251130_165627.jpg
2025-11-30 16:56:28,0,0,5,0,0,0,0,0,0,1,0,0,🚨 LOW STOCK (1 items): household,snapshots_multiclass/low_stock_20251130_165628.jpg
2025-11-30 16:56:29,0,0,6,0,0,0,0,0,0,1,0,0,🚨 LOW STOCK (1 items): household,snapshots_multiclass/low_stock_20251130_165629.jpg
2025-11-30 16:56:30,0,0,9,0,0,0,0,0,0,6,0,0,Stock OK (Visible),
2025-11-30 16:56:31,0,0,16,0,0,0,0,0,0,4,0,0,🚨 LOW STOCK (1 items): household,snapshots_multiclass/low_stock_20251130_165631.jpg
2025-11-30 16:56:32,0,0,16,0,0,0,0,0,0,9,0,0,Stock OK (Visible),
2025-11-30 16:56:33,0,0,21,0,0,0,0,0,0,8,0,0,Stock OK (Visible),
2025-11-30 16:56:34,0,0,27,0,0,0,0,0,0,6,0,0,Stock OK (Visible),
2025-11-30 16:56:35,0,0,16,0,0,0,0,0,0,8,0,0,Stock OK (Visible),
2025-11-30 16:56:36,0,0,17,0,0,0,0,0,0,3,0,0,🚨 LOW STOCK (1 items): household,snapshots_multiclass/low_stock_20251130_165636.jpg
2025-11-30 16:56:37,0,0,29,0,0,0,0,0,0,14,0,0,Stock OK (Visible),
2025-11-30 16:56:38,1,0,0,0,0,0,0,0,0,1,0,0,"🚨 LOW STOCK (2 items): biscuits, household",snapshots_multiclass/low_stock_20251130_165638.jpg
2025-11-30 16:56:39,1,0,0,3,0,2,0,0,0,4,0,2,"🚨 LOW STOCK (5 items): biscuits, chewing gum, chocolate, household, stationary",snapshots_multiclass/low_stock_20251130_165639.jpg
2025-11-30 16:56:40,0,0,0,2,0,0,0,0,0,2,0,0,"🚨 LOW STOCK (2 items): chewing gum, household",snapshots_multiclass/low_stock_20251130_165640.jpg
2025-11-30 16:56:41,0,0,0,2,0,0,0,0,0,4,0,0,"🚨 LOW STOCK (2 items): chewing gum, household",snapshots_multiclass/low_stock_20251130_165641.jpg
2025-11-30 16:56:42,2,0,0,2,0,2,0,0,0,1,0,0,"🚨 LOW STOCK (4 items): biscuits, chewing gum, chocolate, household",snapshots_multiclass/low_stock_20251130_165642.jpg
2025-11-30 16:56:43,0,0,0,2,0,1,0,0,0,0,0,0,"🚨 LOW STOCK (2 items): chewing gum, chocolate",snapshots_multiclass/low_stock_20251130_165643.jpg
2025-11-30 16:56:44,0,0,0,1,0,3,0,0,0,3,0,0,"🚨 LOW STOCK (3 items): chewing gum, chocolate, household",snapshots_multiclass/low_stock_20251130_165644.jpg
2025-11-30 16:56:45,0,0,0,0,0,0,0,0,0,41,0,0,Stock OK (Visible),
2025-11-30 16:56:46,0,0,8,0,0,0,0,0,0,3,0,0,🚨 LOW STOCK (1 items): household,snapshots_multiclass/low_stock_20251130_165646.jpg
2025-11-30 16:56:47,0,0,0,0,0,0,0,0,0,1,0,0,🚨 LOW STOCK (1 items): household,snapshots_multiclass/low_stock_20251130_165647.jpg
2025-11-30 16:56:48,0,0,0,0,0,0,0,0,0,0,0,0,No Detections,
2025-11-30 16:56:49,0,0,0,0,0,0,0,0,0,2,0,0,🚨 LOW STOCK (1 items): household,snapshots_multiclass/low_stock_20251130_165649.jpg
2025-11-30 16:56:50,0,0,1,0,0,0,0,0,0,2,0,0,"🚨 LOW STOCK (2 items): cake, household",snapshots_multiclass/low_stock_20251130_165650.jpg
2025-11-30 16:56:51,0,0,1,0,0,0,0,0,0,0,0,0,🚨 LOW STOCK (1 items): cake,snapshots_multiclass/low_stock_20251130_165651.jpg
2025-11-30 16:56:52,0,0,1,0,0,0,0,0,0,0,0,0,🚨 LOW STOCK (1 items): cake,snapshots_multiclass/low_stock_20251130_165652.jpg
2025-11-30 16:56:53,0,0,1,0,0,0,0,0,0,1,0,0,"🚨 LOW STOCK (2 items): cake, household",snapshots_multiclass/low_stock_20251130_165653.jpg
2025-11-30 16:56:54,0,0,0,0,0,0,0,1,0,0,0,0,🚨 LOW STOCK (1 items): drinks,snapshots_multiclass/low_stock_20251130_165654.jpg
2025-11-30 16:56:55,0,0,0,0,0,0,0,0,0,1,0,0,🚨 LOW STOCK (1 items): household,snapshots_multiclass/low_stock_20251130_165655.jpg
2025-11-30 16:56:56,0,0,0,0,0,0,0,0,0,0,0,0,No Detections,
2025-11-30 16:56:57,0,0,0,0,0,0,0,0,0,2,0,0,🚨 LOW STOCK (1 items): household,snapshots_multiclass/low_stock_20251130_165657.jpg
2025-11-30 16:56:58,0,0,0,0,0,0,0,1,0,0,0,0,🚨 LOW STOCK (1 items): drinks,snapshots_multiclass/low_stock_20251130_165658.jpg
2025-11-30 16:56:59,0,0,0,0,0,0,0,0,0,6,0,0,Stock OK (Visible),
2025-11-30 16:57:00,0,0,0,0,0,0,0,0,0,0,0,0,No Detections,
2025-11-30 16:57:01,0,0,1,0,0,0,0,0,0,0,0,0,🚨 LOW STOCK (1 items): cake,snapshots_multiclass/low_stock_20251130_165701.jpg
2025-11-30 16:57:02,0,0,0,0,0,0,0,0,0,0,0,0,No Detections,
2025-11-30 16:57:03,0,0,4,0,0,0,0,0,0,2,0,0,🚨 LOW STOCK (1 items): household,snapshots_multiclass/low_stock_20251130_165703.jpg
2025-11-30 16:57:04,1,0,0,0,0,0,0,3,0,2,0,0,"🚨 LOW STOCK (3 items): biscuits, drinks, household",snapshots_multiclass/low_stock_20251130_165704.jpg
2025-11-30 16:57:05,0,0,0,0,0,0,0,0,0,0,0,0,No Detections,
2025-11-30 16:57:06,0,0,0,0,0,0,0,0,0,0,0,0,No Detections,
2025-11-30 16:57:07,0,0,1,0,0,0,0,0,0,0,0,0,🚨 LOW STOCK (1 items): cake,snapshots_multiclass/low_stock_20251130_165707.jpg
2025-11-30 16:57:08,0,0,15,0,0,0,0,0,0,0,0,0,Stock OK (Visible),
2025-11-30 16:57:09,0,0,13,0,0,0,0,0,0,0,0,0,Stock OK (Visible),
2025-11-30 16:57:10,0,0,9,0,0,0,0,0,0,0,0,0,Stock OK (Visible),
2025-11-30 16:57:11,0,0,11,0,0,0,0,0,0,0,0,0,Stock OK (Visible),
2025-11-30 16:57:12,0,0,7,0,0,0,0,0,0,0,0,0,Stock OK (Visible),
2025-11-30 16:57:13,0,0,8,0,0,0,0,0,0,0,0,0,Stock OK (Visible),
2025-11-30 16:57:14,0,0,11,0,0,0,0,0,0,0,0,0,Stock OK (Visible),
2025-11-30 16:57:15,0,0,9,0,0,0,0,0,0,0,0,0,Stock OK (Visible),
2025-11-30 16:57:16,0,0,11,0,0,0,0,0,0,0,0,0,Stock OK (Visible),
2025-11-30 16:57:17,0,0,3,0,0,0,0,0,0,0,0,0,Stock OK (Visible),
2025-11-30 16:57:18,0,0,0,0,0,0,0,0,0,0,0,0,No Detections,
2025-11-30 16:57:19,0,0,1,0,0,2,0,0,0,1,0,0,"🚨 LOW STOCK (3 items): cake, chocolate, household",snapshots_multiclass/low_stock_20251130_165719.jpg
2025-11-30 16:57:20,0,0,5,0,0,1,0,0,0,1,0,0,"🚨 LOW STOCK (2 items): chocolate, household",snapshots_multiclass/low_stock_20251130_165720.jpg
2025-11-30 16:57:21,1,0,4,0,0,0,0,0,0,1,0,0,"🚨 LOW STOCK (2 items): biscuits, household",snapshots_multiclass/low_stock_20251130_165721.jpg
2025-11-30 16:57:22,0,0,1,0,0,1,0,0,0,0,0,0,"🚨 LOW STOCK (2 items): cake, chocolate",snapshots_multiclass/low_stock_20251130_165722.jpg
2025-11-30 16:57:23,0,0,11,0,0,0,0,0,0,0,0,0,Stock OK (Visible),
2025-11-30 16:57:24,0,0,5,0,0,0,0,0,0,0,0,0,Stock OK (Visible),
2025-11-30 16:57:25,0,0,7,0,0,1,0,0,0,0,0,0,🚨 LOW STOCK (1 items): chocolate,snapshots_multiclass/low_stock_20251130_165725.jpg
2025-11-30 16:57:26,0,0,5,0,0,2,0,0,0,0,0,0,🚨 LOW STOCK (1 items): chocolate,snapshots_multiclass/low_stock_20251130_165726.jpg
2025-11-30 16:57:27,0,0,0,0,0,0,0,0,0,0,0,0,No Detections,
2025-11-30 16:57:28,0,0,0,0,0,0,0,0,0,0,0,0,No Detections,
2025-11-30 16:57:29,0,0,1,0,0,5,0,0,0,1,0,0,"🚨 LOW STOCK (2 items): cake, household",snapshots_multiclass/low_stock_20251130_165729.jpg
2025-11-30 16:57:30,0,0,0,0,0,0,0,0,0,0,0,0,No Detections,
2025-11-30 16:57:31,0,0,0,0,0,0,0,0,0,0,0,0,No Detections,
2025-11-30 16:57:32,0,0,0,0,0,0,0,0,0,0,0,0,No Detections,
2025-11-30 16:57:33,0,0,0,0,0,0,0,0,0,0,0,0,No Detections,
2025-11-30 16:57:54,0,0,7,0,0,0,0,1,0,2,0,0,"🚨 LOW STOCK (2 items): drinks, household",snapshots_multiclass/low_stock_20251130_165754.jpg
2025-11-30 16:57:54,0,0,0,0,0,0,0,5,0,0,0,0,Stock OK (Visible),
2025-11-30 16:57:55,0,0,0,0,0,0,0,5,0,0,0,0,Stock OK (Visible),
2025-11-30 16:57:56,0,0,1,0,0,0,0,4,0,1,0,0,"🚨 LOW STOCK (3 items): cake, drinks, household",snapshots_multiclass/low_stock_20251130_165756.jpg
2025-11-30 16:57:57,0,0,0,0,0,0,0,0,0,0,0,0,No Detections,
2025-11-30 16:57:58,0,0,0,0,0,0,0,0,0,0,0,0,No Detections,
2025-11-30 16:57:59,0,0,0,0,0,0,0,0,0,0,0,0,No Detections,
2025-11-30 16:58:00,0,0,0,0,0,0,0,0,0,0,0,0,No Detections,
2025-11-30 16:58:01,0,0,0,0,0,0,0,0,0,0,0,0,No Detections,
2025-11-30 16:58:01,0,0,0,0,0,0,0,0,0,0,0,0,No Detections,
2025-11-30 16:58:19,0,0,9,0,0,1,0,0,0,0,0,0,🚨 LOW STOCK (1 items): chocolate,snapshots_multiclass/low_stock_20251130_165819.jpg
2025-11-30 16:58:19,0,0,8,0,0,3,0,0,0,0,0,0,🚨 LOW STOCK (1 items): chocolate,snapshots_multiclass/low_stock_20251130_165819.jpg
2025-11-30 16:58:20,0,0,10,0,0,1,0,0,0,0,0,0,🚨 LOW STOCK (1 items): chocolate,snapshots_multiclass/low_stock_20251130_165820.jpg
2025-11-30 16:58:21,0,0,13,0,0,1,0,0,0,0,0,0,🚨 LOW STOCK (1 items): chocolate,snapshots_multiclass/low_stock_20251130_165821.jpg
2025-11-30 16:58:22,0,0,9,0,0,1,0,0,0,0,0,0,🚨 LOW STOCK (1 items): chocolate,snapshots_multiclass/low_stock_20251130_165822.jpg
2025-11-30 16:58:23,0,0,10,0,0,2,0,0,0,1,0,0,"🚨 LOW STOCK (2 items): chocolate, household",snapshots_multiclass/low_stock_20251130_165823.jpg
2025-11-30 16:58:24,0,0,0,0,0,0,0,0,0,0,0,0,No Detections,
2025-11-30 16:58:25,0,0,8,0,0,0,0,0,0,0,0,0,Stock OK (Visible),
2025-11-30 16:58:26,0,0,12,0,0,0,0,0,0,1,0,0,🚨 LOW STOCK (1 items): household,snapshots_multiclass/low_stock_20251130_165826.jpg
2025-11-30 16:58:27,0,0,6,0,0,0,0,0,0,1,0,0,🚨 LOW STOCK (1 items): household,snapshots_multiclass/low_stock_20251130_165827.jpg
2025-11-30 16:58:28,0,0,7,1,0,0,0,0,0,1,1,0,"🚨 LOW STOCK (3 items): chewing gum, household, snacks",snapshots_multiclass/low_stock_20251130_165828.jpg
2025-11-30 16:58:29,0,0,3,2,0,0,0,0,0,2,0,0,"🚨 LOW STOCK (2 items): chewing gum, household",snapshots_multiclass/low_stock_20251130_165829.jpg
2025-11-30 16:58:30,0,0,6,0,0,0,0,0,0,4,0,0,🚨 LOW STOCK (1 items): household,snapshots_multiclass/low_stock_20251130_165830.jpg
2025-11-30 16:58:31,0,0,14,0,0,0,0,0,0,0,0,0,Stock OK (Visible),
2025-11-30 16:58:32,0,0,15,0,0,0,0,0,0,0,0,0,Stock OK (Visible),
2025-11-30 16:58:33,0,0,16,0,0,0,0,0,0,0,0,0,Stock OK (Visible),
2025-11-30 16:58:34,0,0,13,0,0,0,0,0,0,0,0,0,Stock OK (Visible),
2025-11-30 16:58:35,0,0,10,1,0,0,0,0,0,1,0,0,"🚨 LOW STOCK (2 items): chewing gum, household",snapshots_multiclass/low_stock_20251130_165835.jpg
2025-11-30 16:58:36,0,0,11,0,0,0,0,0,0,0,0,0,Stock OK (Visible),
2025-11-30 16:58:37,0,0,10,0,0,0,0,0,0,1,0,0,🚨 LOW STOCK (1 items): household,snapshots_multiclass/low_stock_20251130_165837.jpg
2025-11-30 16:58:38,0,0,3,1,0,0,0,0,0,0,0,0,🚨 LOW STOCK (1 items): chewing gum,snapshots_multiclass/low_stock_20251130_165838.jpg
2025-11-30 16:58:39,1,0,4,0,0,0,0,0,0,1,0,0,"🚨 LOW STOCK (2 items): biscuits, household",snapshots_multiclass/low_stock_20251130_165839.jpg
2025-11-30 16:58:40,0,0,4,0,0,0,0,0,0,1,0,0,🚨 LOW STOCK (1 items): household,snapshots_multiclass/low_stock_20251130_165840.jpg
2025-11-30 16:58:41,1,0,5,0,0,0,0,0,0,0,0,0,🚨 LOW STOCK (1 items): biscuits,snapshots_multiclass/low_stock_20251130_165841.jpg
2025-11-30 16:58:42,3,0,5,0,0,0,0,0,0,0,0,0,🚨 LOW STOCK (1 items): biscuits,snapshots_multiclass/low_stock_20251130_165842.jpg
2025-11-30 16:58:43,2,0,1,0,0,0,0,0,0,0,0,0,"🚨 LOW STOCK (2 items): biscuits, cake",snapshots_multiclass/low_stock_20251130_165843.jpg
2025-11-30 16:58:44,1,0,8,0,0,0,0,0,0,1,0,0,"🚨 LOW STOCK (2 items): biscuits, household",snapshots_multiclass/low_stock_20251130_165844.jpg
2025-11-30 16:58:45,0,0,4,1,0,0,0,1,0,1,0,0,"🚨 LOW STOCK (3 items): chewing gum, drinks, household",snapshots_multiclass/low_stock_20251130_165845.jpg
2025-11-30 16:58:46,2,0,8,1,0,0,0,0,0,1,0,0,"🚨 LOW STOCK (3 items): biscuits, chewing gum, household",snapshots_multiclass/low_stock_20251130_165846.jpg
2025-11-30 16:58:47,0,0,2,0,0,1,0,0,0,1,0,0,"🚨 LOW STOCK (3 items): cake, chocolate, household",snapshots_multiclass/low_stock_20251130_165847.jpg
2025-11-30 16:58:48,1,0,13,0,0,1,0,0,0,3,0,0,"🚨 LOW STOCK (3 items): biscuits, chocolate, household",snapshots_multiclass/low_stock_20251130_165848.jpg
2025-11-30 16:58:49,0,0,22,0,0,3,0,0,0,7,0,0,🚨 LOW STOCK (1 items): chocolate,snapshots_multiclass/low_stock_20251130_165849.jpg
2025-11-30 16:58:50,0,0,19,0,0,2,0,0,0,4,0,0,"🚨 LOW STOCK (2 items): chocolate, household",snapshots_multiclass/low_stock_20251130_165850.jpg
2025-11-30 16:58:51,0,0,6,0,0,1,0,0,0,0,1,0,"🚨 LOW STOCK (2 items): chocolate, snacks",snapshots_multiclass/low_stock_20251130_165851.jpg
2025-11-30 16:58:52,0,0,1,0,0,1,0,0,0,0,0,0,"🚨 LOW STOCK (2 items): cake, chocolate",snapshots_multiclass/low_stock_20251130_165852.jpg
2025-11-30 16:58:53,0,0,1,0,0,0,0,0,0,0,0,0,🚨 LOW STOCK (1 items): cake,snapshots_multiclass/low_stock_20251130_165853.jpg
2025-11-30 16:58:54,0,0,0,0,0,0,0,0,0,0,0,0,No Detections,
2025-11-30 16:58:55,0,0,0,0,0,0,0,0,0,0,0,0,No Detections,
2025-11-30 16:58:56,1,0,6,0,0,0,0,0,0,0,0,0,🚨 LOW STOCK (1 items): biscuits,snapshots_multiclass/low_stock_20251130_165856.jpg
2025-11-30 16:58:57,1,0,11,0,0,0,0,0,0,1,0,0,"🚨 LOW STOCK (2 items): biscuits, household",snapshots_multiclass/low_stock_20251130_165857.jpg
2025-11-30 16:58:58,0,0,10,0,0,0,0,0,0,0,0,0,Stock OK (Visible),
2025-11-30 16:58:59,0,0,17,0,0,0,0,0,0,0,0,0,Stock OK (Visible),
2025-11-30 16:59:00,0,0,17,0,0,0,0,0,0,0,0,0,Stock OK (Visible),
2025-11-30 16:59:01,0,0,17,0,0,0,0,0,0,0,0,0,Stock OK (Visible),
2025-11-30 16:59:02,0,0,13,0,0,0,0,0,0,0,0,0,Stock OK (Visible),
2025-11-30 16:59:03,0,0,0,0,0,4,0,0,0,1,0,0,"🚨 LOW STOCK (2 items): chocolate, household",snapshots_multiclass/low_stock_20251130_165903.jpg
2025-11-30 16:59:04,0,0,9,0,0,0,0,0,0,0,0,0,Stock OK (Visible),
2025-11-30 16:59:05,0,0,3,0,0,3,0,0,0,1,0,0,"🚨 LOW STOCK (2 items): chocolate, household",snapshots_multiclass/low_stock_20251130_165905.jpg
2025-11-30 16:59:06,0,0,10,0,0,0,0,0,0,0,0,0,Stock OK (Visible),
2025-11-30 16:59:07,0,0,4,0,0,0,0,0,0,0,0,0,Stock OK (Visible),
2025-11-30 16:59:08,0,0,0,0,0,0,0,0,0,0,0,0,No Detections,
2025-11-30 16:59:09,0,0,0,0,0,2,0,0,0,0,0,0,🚨 LOW STOCK (1 items): chocolate,snapshots_multiclass/low_stock_20251130_165909.jpg
2025-11-30 16:59:10,0,0,0,0,0,2,0,0,0,0,0,0,🚨 LOW STOCK (1 items): chocolate,snapshots_multiclass/low_stock_20251130_165910.jpg
2025-11-30 16:59:36,0,0,16,0,0,0,0,0,0,0,0,0,Stock OK (Visible),
2025-11-30 16:59:37,0,0,17,0,0,0,0,0,0,0,0,0,Stock OK (Visible),
2025-11-30 16:59:38,0,0,15,0,0,0,0,0,0,0,0,0,Stock OK (Visible),
2025-11-30 16:59:39,0,0,21,0,0,0,0,0,0,0,0,0,Stock OK (Visible),
2025-11-30 16:59:40,0,0,17,0,0,0,0,0,0,0,0,0,Stock OK (Visible),
2025-11-30 16:59:41,0,0,21,0,0,0,0,0,0,0,0,0,Stock OK (Visible),
2025-11-30 16:59:42,0,0,16,0,0,0,0,0,0,0,0,0,Stock OK (Visible),
2025-11-30 16:59:43,0,0,16,0,0,0,0,0,0,0,0,0,Stock OK (Visible),
2025-11-30 16:59:51,0,0,0,0,0,52,0,0,0,1,0,0,🚨 LOW STOCK (1 items): household,snapshots_multiclass/low_stock_20251130_165951.jpg
2025-11-30 16:59:52,0,0,0,0,0,51,0,0,0,0,0,0,Stock OK (Visible),
2025-11-30 16:59:53,0,0,0,0,0,46,0,0,0,0,0,0,Stock OK (Visible),
2025-11-30 16:59:54,0,0,0,0,0,46,0,0,0,0,0,0,Stock OK (Visible),
2025-11-30 17:00:11,0,0,0,0,0,42,0,0,0,1,0,0,🚨 LOW STOCK (1 items): household,snapshots_multiclass/low_stock_20251130_170011.jpg
2025-11-30 17:00:11,0,0,0,0,0,43,0,0,0,0,0,0,Stock OK (Visible),
2025-11-30 17:00:12,0,0,0,0,0,40,0,0,0,0,0,0,Stock OK (Visible),
2025-11-30 17:00:13,0,0,0,0,0,41,0,0,0,0,0,0,Stock OK (Visible),
2025-11-30 17:00:14,0,0,0,0,0,43,0,0,0,0,0,0,Stock OK (Visible),
2025-11-30 17:00:15,0,0,0,0,0,48,0,0,0,0,0,0,Stock OK (Visible),
2025-11-30 17:00:26,52,0,4,0,0,0,0,0,0,0,0,0,Stock OK (Visible),
2025-11-30 17:00:26,54,0,0,0,0,0,0,0,0,0,0,0,Stock OK (Visible),
2025-11-30 17:00:27,56,0,1,0,0,0,0,0,0,0,0,0,🚨 LOW STOCK (1 items): cake,snapshots_multiclass/low_stock_20251130_170027.jpg
2025-11-30 17:00:28,54,0,3,0,0,0,0,0,0,0,0,0,Stock OK (Visible),
2025-11-30 17:00:29,52,0,9,0,0,0,0,0,0,0,0,0,Stock OK (Visible),
2025-11-30 17:00:30,57,0,2,0,0,0,0,2,0,0,0,0,"🚨 LOW STOCK (2 items): cake, drinks",snapshots_multiclass/low_stock_20251130_170030.jpg
2025-11-30 17:00:31,57,0,2,0,0,0,0,2,0,0,0,0,"🚨 LOW STOCK (2 items): cake, drinks",snapshots_multiclass/low_stock_20251130_170031.jpg
2025-11-30 17:00:49,0,0,0,0,0,0,0,4,0,0,0,0,🚨 LOW STOCK (1 items): drinks,snapshots_multiclass/low_stock_20251130_170049.jpg
2025-11-30 17:00:50,0,0,1,0,0,0,0,5,0,0,0,0,🚨 LOW STOCK (1 items): cake,snapshots_multiclass/low_stock_20251130_170050.jpg
2025-11-30 17:00:51,0,0,0,0,0,0,0,5,0,0,0,0,Stock OK (Visible),
2025-11-30 17:00:52,0,0,0,0,0,0,0,5,0,0,0,0,Stock OK (Visible),
2025-11-30 17:00:53,0,0,0,0,0,0,0,4,0,0,0,0,🚨 LOW STOCK (1 items): drinks,snapshots_multiclass/low_stock_20251130_170053.jpg
2025-11-30 17:00:54,0,0,0,0,0,0,0,4,0,0,0,0,🚨 LOW STOCK (1 items): drinks,snapshots_multiclass/low_stock_20251130_170054.jpg
2025-11-30 17:00:55,0,0,0,0,0,0,0,5,0,0,0,0,Stock OK (Visible),
2025-11-30 17:00:56,0,0,0,1,0,0,0,5,0,0,0,0,🚨 LOW STOCK (1 items): chewing gum,snapshots_multiclass/low_stock_20251130_170056.jpg
2025-11-30 17:00:57,0,0,0,0,0,0,0,5,0,0,0,0,Stock OK (Visible),
2025-11-30 17:00:58,0,0,0,0,0,0,0,5,0,0,0,0,Stock OK (Visible),
2025-11-30 17:00:59,1,0,0,0,0,0,0,5,0,0,0,0,🚨 LOW STOCK (1 items): biscuits,snapshots_multiclass/low_stock_20251130_170059.jpg
2025-11-30 17:01:19,16,0,3,0,0,0,0,0,0,0,1,0,🚨 LOW STOCK (1 items): snacks,snapshots_multiclass/low_stock_20251130_170119.jpg
2025-11-30 17:01:19,15,0,3,0,0,0,0,0,0,0,0,0,Stock OK (Visible),
2025-11-30 17:01:20,14,0,1,0,0,0,0,0,0,0,1,0,"🚨 LOW STOCK (2 items): cake, snacks",snapshots_multiclass/low_stock_20251130_170120.jpg
2025-11-30 17:01:21,25,0,1,0,0,0,0,0,0,1,0,0,"🚨 LOW STOCK (2 items): cake, household",snapshots_multiclass/low_stock_20251130_170121.jpg
2025-11-30 17:01:22,27,0,0,0,0,0,0,0,0,0,0,0,Stock OK (Visible),
2025-11-30 17:01:23,0,0,0,0,0,0,0,0,0,0,0,0,No Detections,
2025-11-30 17:01:24,4,0,5,0,0,3,0,0,0,0,0,0,"🚨 LOW STOCK (2 items): biscuits, chocolate",snapshots_multiclass/low_stock_20251130_170124.jpg
2025-11-30 17:01:25,2,0,2,0,0,1,0,0,0,0,0,0,"🚨 LOW STOCK (3 items): biscuits, cake, chocolate",snapshots_multiclass/low_stock_20251130_170125.jpg
2025-11-30 17:01:26,9,0,0,0,0,0,0,0,0,0,0,0,🚨 LOW STOCK (1 items): biscuits,snapshots_multiclass/low_stock_20251130_170126.jpg
2025-11-30 17:01:27,1,0,2,0,0,0,0,0,0,0,0,0,"🚨 LOW STOCK (2 items): biscuits, cake",snapshots_multiclass/low_stock_20251130_170127.jpg
2025-11-30 17:01:28,3,0,1,0,0,1,0,0,0,0,1,0,"🚨 LOW STOCK (4 items): biscuits, cake, chocolate, snacks",snapshots_multiclass/low_stock_20251130_170128.jpg
2025-11-30 17:01:29,0,0,4,0,0,1,0,0,0,0,1,0,"🚨 LOW STOCK (2 items): chocolate, snacks",snapshots_multiclass/low_stock_20251130_170129.jpg
2025-11-30 17:01:30,2,0,2,0,0,0,0,0,0,0,1,0,"🚨 LOW STOCK (3 items): biscuits, cake, snacks",snapshots_multiclass/low_stock_20251130_170130.jpg
2025-11-30 17:01:31,2,0,2,0,0,0,0,0,0,0,0,0,"🚨 LOW STOCK (2 items): biscuits, cake",snapshots_multiclass/low_stock_20251130_170131.jpg
2025-11-30 17:01:32,2,0,2,0,0,0,0,0,0,0,1,0,"🚨 LOW STOCK (3 items): biscuits, cake, snacks",snapshots_multiclass/low_stock_20251130_170132.jpg
2025-11-30 17:01:33,0,0,0,0,0,1,0,0,0,0,0,0,🚨 LOW STOCK (1 items): chocolate,snapshots_multiclass/low_stock_20251130_170133.jpg
2025-11-30 17:01:34,0,0,0,0,0,0,0,0,0,0,0,0,No Detections,
2025-11-30 17:01:35,0,0,3,0,0,0,0,0,0,0,0,0,Stock OK (Visible),
2025-11-30 17:01:36,0,0,0,0,0,0,0,0,0,0,2,0,🚨 LOW STOCK (1 items): snacks,snapshots_multiclass/low_stock_20251130_170136.jpg
2025-11-30 17:01:37,0,0,0,0,0,1,0,0,0,0,3,0,"🚨 LOW STOCK (2 items): chocolate, snacks",snapshots_multiclass/low_stock_20251130_170137.jpg
2025-11-30 17:01:38,1,0,1,0,0,1,0,0,0,0,2,0,"🚨 LOW STOCK (4 items): biscuits, cake, chocolate, snacks",snapshots_multiclass/low_stock_20251130_170138.jpg
2025-11-30 17:01:39,0,0,0,0,0,2,0,0,0,0,2,0,"🚨 LOW STOCK (2 items): chocolate, snacks",snapshots_multiclass/low_stock_20251130_170139.jpg
2025-11-30 17:01:40,0,0,1,0,0,0,0,0,0,0,0,0,🚨 LOW STOCK (1 items): cake,snapshots_multiclass/low_stock_20251130_170140.jpg
2025-11-30 17:01:41,0,0,1,0,0,0,0,0,0,0,0,0,🚨 LOW STOCK (1 items): cake,snapshots_multiclass/low_stock_20251130_170141.jpg
2025-11-30 17:01:42,0,0,1,0,0,0,0,0,0,0,0,0,🚨 LOW STOCK (1 items): cake,snapshots_multiclass/low_stock_20251130_170142.jpg
2025-11-30 17:02:01,2,0,2,0,0,0,0,0,0,0,1,0,"🚨 LOW STOCK (3 items): biscuits, cake, snacks",snapshots_multiclass/low_stock_20251130_170201.jpg
2025-11-30 17:02:01,1,0,2,0,0,0,0,0,0,0,1,0,"🚨 LOW STOCK (3 items): biscuits, cake, snacks",snapshots_multiclass/low_stock_20251130_170201.jpg
2025-11-30 17:02:02,5,0,1,0,0,0,0,0,0,0,1,0,"🚨 LOW STOCK (3 items): biscuits, cake, snacks",snapshots_multiclass/low_stock_20251130_170202.jpg
2025-11-30 17:02:03,1,0,2,0,0,0,0,0,0,0,1,0,"🚨 LOW STOCK (3 items): biscuits, cake, snacks",snapshots_multiclass/low_stock_20251130_170203.jpg
2025-11-30 17:02:04,3,0,0,1,0,0,0,0,0,0,1,0,"🚨 LOW STOCK (3 items): biscuits, chewing gum, snacks",snapshots_multiclass/low_stock_20251130_170204.jpg
2025-11-30 17:02:05,4,0,2,1,0,0,0,0,0,1,2,0,"🚨 LOW STOCK (5 items): biscuits, cake, chewing gum, household, snacks",snapshots_multiclass/low_stock_20251130_170205.jpg
2025-11-30 17:02:06,4,0,2,1,0,0,0,0,0,1,2,0,"🚨 LOW STOCK (5 items): biscuits, cake, chewing gum, household, snacks",snapshots_multiclass/low_stock_20251130_170206.jpg
2025-11-30 17:02:26,1,0,3,0,0,0,0,0,0,0,0,0,🚨 LOW STOCK (1 items): biscuits,snapshots_multiclass/low_stock_20251130_170226.jpg
2025-11-30 17:02:26,0,0,2,0,0,0,0,0,0,0,0,0,🚨 LOW STOCK (1 items): cake,snapshots_multiclass/low_stock_20251130_170226.jpg
2025-11-30 17:02:27,3,0,3,0,0,0,0,0,0,0,0,0,🚨 LOW STOCK (1 items): biscuits,snapshots_multiclass/low_stock_20251130_170227.jpg
2025-11-30 17:02:28,2,0,0,0,0,0,0,0,0,1,0,0,"🚨 LOW STOCK (2 items): biscuits, household",snapshots_multiclass/low_stock_20251130_170228.jpg
2025-11-30 17:02:29,0,0,1,0,0,0,0,0,0,0,0,0,🚨 LOW STOCK (1 items): cake,snapshots_multiclass/low_stock_20251130_170229.jpg
2025-11-30 17:02:30,1,0,1,0,0,0,0,0,0,0,0,0,"🚨 LOW STOCK (2 items): biscuits, cake",snapshots_multiclass/low_stock_20251130_170230.jpg
2025-11-30 17:02:31,0,0,1,0,0,0,0,0,0,0,0,0,🚨 LOW STOCK (1 items): cake,snapshots_multiclass/low_stock_20251130_170231.jpg
2025-11-30 17:02:32,0,0,1,0,0,0,0,0,0,0,0,0,🚨 LOW STOCK (1 items): cake,snapshots_multiclass/low_stock_20251130_170232.jpg
2025-11-30 17:02:33,0,0,1,0,0,0,0,0,0,0,0,0,🚨 LOW STOCK (1 items): cake,snapshots_multiclass/low_stock_20251130_170233.jpg
2025-11-30 17:02:34,0,0,1,0,0,0,0,0,0,0,0,0,🚨 LOW STOCK (1 items): cake,snapshots_multiclass/low_stock_20251130_170234.jpg
2025-11-30 17:03:20,0,0,0,0,0,0,0,0,0,3,0,0,🚨 LOW STOCK (1 items): household,snapshots_multiclass/low_stock_20251130_170320.jpg
2025-11-30 17:03:20,0,0,0,0,0,0,0,0,0,7,0,0,Stock OK (Visible),
2025-11-30 17:03:21,0,0,0,0,0,0,0,0,0,0,0,0,No Detections,
2025-11-30 17:03:22,0,0,0,0,0,0,0,0,0,2,0,0,🚨 LOW STOCK (1 items): household,snapshots_multiclass/low_stock_20251130_170322.jpg
2025-11-30 17:03:23,0,0,0,0,0,0,0,0,0,28,0,0,Stock OK (Visible),
2025-11-30 17:03:24,0,0,0,0,0,0,0,0,0,2,0,0,🚨 LOW STOCK (1 items): household,snapshots_multiclass/low_stock_20251130_170324.jpg
2025-11-30 17:03:25,0,0,0,0,0,0,0,0,0,0,0,0,No Detections,
2025-11-30 17:03:26,0,0,0,0,0,0,0,0,0,0,0,0,No Detections,
2025-11-30 17:03:27,0,0,1,0,0,0,0,0,0,2,0,0,"🚨 LOW STOCK (2 items): cake, household",snapshots_multiclass/low_stock_20251130_170327.jpg
2025-11-30 17:03:28,0,0,0,0,0,0,0,0,0,0,0,0,No Detections,
2025-11-30 17:03:29,0,0,1,0,0,0,0,0,0,2,0,0,"🚨 LOW STOCK (2 items): cake, household",snapshots_multiclass/low_stock_20251130_170329.jpg
2025-11-30 17:03:30,0,0,1,0,0,0,0,0,0,0,0,0,🚨 LOW STOCK (1 items): cake,snapshots_multiclass/low_stock_20251130_170330.jpg
2025-11-30 17:03:31,0,0,1,0,0,0,0,0,0,0,0,0,🚨 LOW STOCK (1 items): cake,snapshots_multiclass/low_stock_20251130_170331.jpg
2025-11-30 17:03:32,0,0,1,0,0,0,0,0,0,3,0,0,"🚨 LOW STOCK (2 items): cake, household",snapshots_multiclass/low_stock_20251130_170332.jpg
2025-11-30 17:03:33,0,0,1,0,0,0,0,0,0,1,0,0,"🚨 LOW STOCK (2 items): cake, household",snapshots_multiclass/low_stock_20251130_170333.jpg
2025-11-30 17:03:34,0,0,2,0,0,0,0,0,0,0,0,0,🚨 LOW STOCK (1 items): cake,snapshots_multiclass/low_stock_20251130_170334.jpg
2025-11-30 17:03:35,1,0,12,0,0,0,0,0,0,6,0,0,🚨 LOW STOCK (1 items): biscuits,snapshots_multiclass/low_stock_20251130_170335.jpg
2025-11-30 17:03:36,0,0,14,0,0,0,0,0,0,9,0,0,Stock OK (Visible),
2025-11-30 17:03:37,0,0,20,0,0,0,0,0,0,9,0,0,Stock OK (Visible),
2025-11-30 17:03:38,0,0,14,0,0,0,0,0,0,8,0,0,Stock OK (Visible),
2025-11-30 17:03:39,1,0,15,0,0,0,0,0,0,5,0,0,🚨 LOW STOCK (1 items): biscuits,snapshots_multiclass/low_stock_20251130_170339.jpg
2025-11-30 17:03:40,0,0,7,0,0,0,0,0,0,5,0,0,Stock OK (Visible),
2025-11-30 17:03:41,0,0,9,0,0,0,0,0,0,5,0,0,Stock OK (Visible),
2025-11-30 17:03:42,0,0,5,0,0,0,0,0,0,13,0,0,Stock OK (Visible),
2025-11-30 17:03:43,0,0,6,0,0,0,0,0,0,8,0,0,Stock OK (Visible),
2025-11-30 17:03:44,0,0,5,0,0,1,0,0,0,4,0,0,"🚨 LOW STOCK (2 items): chocolate, household",snapshots_multiclass/low_stock_20251130_170344.jpg
2025-11-30 17:03:45,0,0,5,0,0,1,0,0,0,4,0,0,"🚨 LOW STOCK (2 items): chocolate, household",snapshots_multiclass/low_stock_20251130_170345.jpg
2025-11-30 17:04:18,0,0,0,0,0,0,0,0,0,0,0,0,No Detections,
2025-11-30 17:04:18,0,0,0,2,0,0,0,0,0,0,0,0,🚨 LOW STOCK (1 items): chewing gum,snapshots_multiclass/low_stock_20251130_170418.jpg
2025-11-30 17:04:19,0,0,0,2,0,0,0,0,0,0,0,0,🚨 LOW STOCK (1 items): chewing gum,snapshots_multiclass/low_stock_20251130_170419.jpg
2025-11-30 17:04:20,0,0,0,1,0,0,0,0,0,0,0,0,🚨 LOW STOCK (1 items): chewing gum,snapshots_multiclass/low_stock_20251130_170420.jpg
2025-11-30 17:04:21,0,0,0,1,0,0,0,0,0,0,0,0,🚨 LOW STOCK (1 items): chewing gum,snapshots_multiclass/low_stock_20251130_170421.jpg
2025-11-30 17:04:29,0,0,0,1,0,0,0,0,0,1,0,0,"🚨 LOW STOCK (2 items): chewing gum, household",snapshots_multiclass/low_stock_20251130_170429.jpg
2025-11-30 17:04:29,0,0,1,1,0,0,0,0,0,0,0,0,"🚨 LOW STOCK (2 items): cake, chewing gum",snapshots_multiclass/low_stock_20251130_170429.jpg
2025-11-30 17:04:30,2,0,1,1,0,0,0,0,0,0,0,0,"🚨 LOW STOCK (3 items): biscuits, cake, chewing gum",snapshots_multiclass/low_stock_20251130_170430.jpg
2025-11-30 17:04:31,1,0,0,1,0,3,0,0,0,0,0,0,"🚨 LOW STOCK (3 items): biscuits, chewing gum, chocolate",snapshots_multiclass/low_stock_20251130_170431.jpg
2025-11-30 17:04:32,0,0,0,1,0,3,0,0,0,0,0,0,"🚨 LOW STOCK (2 items): chewing gum, chocolate",snapshots_multiclass/low_stock_20251130_170432.jpg
2025-11-30 17:04:33,0,0,0,1,0,3,0,0,0,0,0,0,"🚨 LOW STOCK (2 items): chewing gum, chocolate",snapshots_multiclass/low_stock_20251130_170433.jpg
2025-11-30 17:04:46,5,0,3,1,0,1,0,0,0,0,0,0,"🚨 LOW STOCK (3 items): biscuits, chewing gum, chocolate",snapshots_multiclass/low_stock_20251130_170446.jpg
2025-11-30 17:04:46,2,0,1,1,0,1,0,0,0,0,0,0,"🚨 LOW STOCK (4 items): biscuits, cake, chewing gum, chocolate",snapshots_multiclass/low_stock_20251130_170446.jpg
2025-11-30 17:04:47,1,0,0,1,0,1,0,0,0,0,0,0,"🚨 LOW STOCK (3 items): biscuits, chewing gum, chocolate",snapshots_multiclass/low_stock_20251130_170447.jpg
2025-11-30 17:04:48,1,0,2,1,0,2,0,0,0,0,0,0,"🚨 LOW STOCK (4 items): biscuits, cake, chewing gum, chocolate",snapshots_multiclass/low_stock_20251130_170448.jpg
2025-11-30 17:04:49,1,0,0,1,0,0,0,0,0,0,0,0,"🚨 LOW STOCK (2 items): biscuits, chewing gum",snapshots_multiclass/low_stock_20251130_170449.jpg
2025-11-30 17:04:50,1,0,0,1,0,0,0,0,0,0,0,0,"🚨 LOW STOCK (2 items): biscuits, chewing gum",snapshots_multiclass/low_stock_20251130_170450.jpg
2025-12-01 09:40:46,1,0,1,0,0,0,0,2,0,3,3,0,"🚨 LOW STOCK (5 items): biscuits, cake, drinks, household, snacks",snapshots_multiclass/low_stock_20251201_094046.jpg
2025-12-01 09:40:46,5,0,0,1,0,0,0,2,0,3,7,0,"🚨 LOW STOCK (4 items): biscuits, chewing gum, drinks, household",snapshots_multiclass/low_stock_20251201_094046.jpg
2025-12-01 09:40:47,3,0,0,1,0,0,0,2,0,1,6,0,"🚨 LOW STOCK (4 items): biscuits, chewing gum, drinks, household",snapshots_multiclass/low_stock_20251201_094047.jpg
2025-12-01 09:40:48,6,0,3,0,0,0,0,2,0,2,1,0,"🚨 LOW STOCK (4 items): biscuits, drinks, household, snacks",snapshots_multiclass/low_stock_20251201_094048.jpg
2025-12-01 09:40:49,1,0,1,0,0,0,0,3,0,3,5,0,"🚨 LOW STOCK (4 items): biscuits, cake, drinks, household",snapshots_multiclass/low_stock_20251201_094049.jpg
2025-12-01 09:40:50,1,0,0,1,0,0,0,1,0,3,3,0,"🚨 LOW STOCK (5 items): biscuits, chewing gum, drinks, household, snacks",snapshots_multiclass/low_stock_20251201_094050.jpg
2025-12-01 09:40:51,1,0,0,1,0,0,0,2,0,1,4,0,"🚨 LOW STOCK (5 items): biscuits, chewing gum, drinks, household, snacks",snapshots_multiclass/low_stock_20251201_094051.jpg
2025-12-01 09:40:52,2,0,0,0,0,0,0,2,0,1,4,0,"🚨 LOW STOCK (4 items): biscuits, drinks, household, snacks",snapshots_multiclass/low_stock_20251201_094052.jpg
2025-12-01 09:40:53,1,0,0,0,0,0,0,2,0,1,4,0,"🚨 LOW STOCK (4 items): biscuits, drinks, household, snacks",snapshots_multiclass/low_stock_20251201_094053.jpg
2025-12-01 09:40:54,2,0,1,1,0,0,0,2,0,1,5,0,"🚨 LOW STOCK (5 items): biscuits, cake, chewing gum, drinks, household",snapshots_multiclass/low_stock_20251201_094054.jpg
2025-12-01 09:40:55,1,0,1,1,0,0,0,2,0,2,4,0,"🚨 LOW STOCK (6 items): biscuits, cake, chewing gum, drinks, household, snacks",snapshots_multiclass/low_stock_20251201_094055.jpg
2025-12-01 09:40:56,2,0,1,1,0,0,0,2,0,2,4,0,"🚨 LOW STOCK (6 items): biscuits, cake, chewing gum, drinks, household, snacks",snapshots_multiclass/low_stock_20251201_094056.jpg
2025-12-01 09:40:57,1,0,0,1,0,0,0,2,0,4,4,0,"🚨 LOW STOCK (5 items): biscuits, chewing gum, drinks, household, snacks",snapshots_multiclass/low_stock_20251201_094057.jpg
2025-12-01 09:40:58,2,0,1,1,0,0,0,2,0,2,6,0,"🚨 LOW STOCK (5 items): biscuits, cake, chewing gum, drinks, household",snapshots_multiclass/low_stock_20251201_094058.jpg
2025-12-01 09:40:59,0,0,0,0,0,0,0,2,0,3,4,0,"🚨 LOW STOCK (3 items): drinks, household, snacks",snapshots_multiclass/low_stock_20251201_094059.jpg
2025-12-01 09:41:00,1,0,1,1,0,0,0,2,0,2,5,0,"🚨 LOW STOCK (5 items): biscuits, cake, chewing gum, drinks, household",snapshots_multiclass/low_stock_20251201_094100.jpg
2025-12-01 09:41:01,2,0,0,1,0,0,0,1,0,3,7,0,"🚨 LOW STOCK (4 items): biscuits, chewing gum, drinks, household",snapshots_multiclass/low_stock_20251201_094101.jpg
2025-12-01 09:41:02,1,0,1,1,0,0,0,2,0,3,4,0,"🚨 LOW STOCK (6 items): biscuits, cake, chewing gum, drinks, household, snacks",snapshots_multiclass/low_stock_20251201_094102.jpg
2025-12-01 09:41:03,1,0,0,0,0,0,0,3,0,1,1,0,"🚨 LOW STOCK (4 items): biscuits, drinks, household, snacks",snapshots_multiclass/low_stock_20251201_094103.jpg
2025-12-01 09:41:04,1,0,1,0,0,0,0,2,0,2,4,0,"🚨 LOW STOCK (5 items): biscuits, cake, drinks, household, snacks",snapshots_multiclass/low_stock_20251201_094104.jpg
2025-12-01 09:41:05,2,0,0,0,0,0,0,2,0,3,5,0,"🚨 LOW STOCK (3 items): biscuits, drinks, household",snapshots_multiclass/low_stock_20251201_094105.jpg
2025-12-01 09:41:06,1,0,1,1,0,0,0,3,0,4,4,0,"🚨 LOW STOCK (6 items): biscuits, cake, chewing gum, drinks, household, snacks",snapshots_multiclass/low_stock_20251201_094106.jpg
2025-12-01 09:41:07,2,0,1,1,0,0,0,0,0,3,2,0,"🚨 LOW STOCK (5 items): biscuits, cake, chewing gum, household, snacks",snapshots_multiclass/low_stock_20251201_094107.jpg
2025-12-01 09:41:08,2,0,1,1,0,0,0,0,0,3,2,0,"🚨 LOW STOCK (5 items): biscuits, cake, chewing gum, household, snacks",snapshots_multiclass/low_stock_20251201_094108.jpg
2025-12-01 09:41:30,0,0,13,0,0,0,0,0,0,0,0,0,Stock OK (Visible),
2025-12-01 09:41:31,0,0,13,0,0,0,0,0,0,0,0,0,Stock OK (Visible),
2025-12-01 09:41:32,0,0,13,0,0,0,0,0,0,0,0,0,Stock OK (Visible),
2025-12-01 09:41:33,0,0,10,0,0,0,0,0,0,0,0,0,Stock OK (Visible),
2025-12-01 09:41:34,0,0,11,0,0,0,0,0,0,0,0,0,Stock OK (Visible),
2025-12-01 09:41:35,0,0,8,0,0,0,0,0,0,0,0,0,Stock OK (Visible),
2025-12-01 09:41:36,1,0,11,0,0,0,0,0,0,0,0,0,🚨 LOW STOCK (1 items): biscuits,snapshots_multiclass/low_stock_20251201_094136.jpg
2025-12-01 09:41:37,0,0,10,0,0,0,0,0,0,0,0,0,Stock OK (Visible),
2025-12-01 09:41:38,0,0,8,0,0,0,0,1,0,0,0,0,🚨 LOW STOCK (1 items): drinks,snapshots_multiclass/low_stock_20251201_094138.jpg
2025-12-01 09:41:39,0,0,11,0,0,0,0,2,0,0,0,0,🚨 LOW STOCK (1 items): drinks,snapshots_multiclass/low_stock_20251201_094139.jpg
2025-12-01 09:41:40,0,0,7,0,0,0,0,0,0,0,0,0,Stock OK (Visible),
2025-12-01 09:41:41,0,0,10,0,0,0,0,0,0,0,0,0,Stock OK (Visible),
2025-12-01 09:41:42,0,0,11,0,0,0,0,0,0,0,0,0,Stock OK (Visible),
2025-12-01 09:41:43,0,0,13,0,0,0,0,0,0,0,0,0,Stock OK (Visible),
2025-12-01 09:41:44,0,0,0,0,0,0,0,0,0,0,0,0,No Detections,
2025-12-01 09:41:45,0,0,10,0,0,0,0,0,0,0,0,0,Stock OK (Visible),
2025-12-01 09:41:46,0,0,14,0,0,0,0,0,0,0,0,0,Stock OK (Visible),
2025-12-01 09:41:47,0,0,10,0,0,0,0,0,0,0,0,0,Stock OK (Visible),
2025-12-01 09:41:48,0,0,13,0,0,0,0,2,0,0,0,0,🚨 LOW STOCK (1 items): drinks,snapshots_multiclass/low_stock_20251201_094148.jpg
2025-12-01 09:41:49,0,0,15,0,0,0,0,0,0,0,0,0,Stock OK (Visible),
2025-12-01 09:41:50,0,0,11,0,0,0,0,0,0,0,0,0,Stock OK (Visible),
2025-12-01 09:41:51,0,0,14,0,0,0,0,0,0,0,0,0,Stock OK (Visible),
2025-12-01 09:41:52,0,0,1,0,0,0,0,0,0,0,0,0,🚨 LOW STOCK (1 items): cake,snapshots_multiclass/low_stock_20251201_094152.jpg
2025-12-01 09:41:53,0,0,6,0,0,0,0,0,0,0,0,0,Stock OK (Visible),
2025-12-01 09:41:53,0,0,6,0,0,0,0,0,0,0,0,0,Stock OK (Visible),
2025-12-01 09:41:59,0,0,3,0,0,0,0,0,0,0,0,0,Stock OK (Visible),
2025-12-01 09:42:00,0,0,6,0,0,0,0,0,0,0,0,0,Stock OK (Visible),
2025-12-01 09:42:01,1,0,4,0,0,0,0,0,0,0,0,0,🚨 LOW STOCK (1 items): biscuits,snapshots_multiclass/low_stock_20251201_094201.jpg
2025-12-01 09:42:02,0,0,4,0,0,0,0,1,0,0,0,0,🚨 LOW STOCK (1 items): drinks,snapshots_multiclass/low_stock_20251201_094202.jpg
2025-12-01 09:42:03,0,0,7,0,0,0,0,0,0,0,0,0,Stock OK (Visible),
2025-12-01 09:42:04,0,0,5,0,0,0,0,0,0,0,0,0,Stock OK (Visible),
2025-12-01 09:42:05,0,0,5,0,0,0,0,1,0,0,0,0,🚨 LOW STOCK (1 items): drinks,snapshots_multiclass/low_stock_20251201_094205.jpg
2025-12-01 09:42:06,0,0,7,0,0,0,0,0,0,0,0,0,Stock OK (Visible),
2025-12-01 09:42:07,0,0,6,0,0,0,0,0,0,0,0,0,Stock OK (Visible),
2025-12-01 09:42:08,0,0,8,0,0,0,0,1,0,0,0,0,🚨 LOW STOCK (1 items): drinks,snapshots_multiclass/low_stock_20251201_094208.jpg
2025-12-01 09:42:08,0,0,8,0,0,0,0,1,0,0,0,0,🚨 LOW STOCK (1 items): drinks,snapshots_multiclass/low_stock_20251201_094208.jpg
2025-12-01 09:42:16,0,0,0,2,0,0,0,0,0,0,0,0,🚨 LOW STOCK (1 items): chewing gum,snapshots_multiclass/low_stock_20251201_094216.jpg
2025-12-01 09:42:17,0,0,0,2,0,0,0,0,0,0,0,0,🚨 LOW STOCK (1 items): chewing gum,snapshots_multiclass/low_stock_20251201_094217.jpg
2025-12-01 09:42:17,0,0,0,2,0,0,0,0,0,0,0,0,🚨 LOW STOCK (1 items): chewing gum,snapshots_multiclass/low_stock_20251201_094217.jpg
2025-12-01 09:42:25,0,0,0,0,0,1,0,0,0,1,0,0,"🚨 LOW STOCK (2 items): chocolate, household",snapshots_multiclass/low_stock_20251201_094225.jpg
2025-12-01 09:42:26,0,0,0,0,0,2,0,0,0,2,0,0,"🚨 LOW STOCK (2 items): chocolate, household",snapshots_multiclass/low_stock_20251201_094226.jpg
2025-12-01 09:42:27,0,0,0,0,0,4,0,0,0,0,0,0,🚨 LOW STOCK (1 items): chocolate,snapshots_multiclass/low_stock_20251201_094227.jpg
2025-12-01 09:42:28,0,0,0,0,0,2,0,0,0,1,0,0,"🚨 LOW STOCK (2 items): chocolate, household",snapshots_multiclass/low_stock_20251201_094228.jpg
2025-12-01 09:42:29,0,0,0,0,0,3,0,0,0,0,0,0,🚨 LOW STOCK (1 items): chocolate,snapshots_multiclass/low_stock_20251201_094229.jpg
2025-12-01 09:42:30,0,0,0,0,0,5,0,0,0,1,0,0,🚨 LOW STOCK (1 items): household,snapshots_multiclass/low_stock_20251201_094230.jpg
2025-12-01 09:42:31,0,0,0,0,0,3,0,0,0,1,0,0,"🚨 LOW STOCK (2 items): chocolate, household",snapshots_multiclass/low_stock_20251201_094231.jpg
2025-12-01 09:42:32,0,0,2,0,0,1,0,0,0,0,0,0,"🚨 LOW STOCK (2 items): cake, chocolate",snapshots_multiclass/low_stock_20251201_094232.jpg
2025-12-01 09:42:33,0,0,0,0,0,3,0,0,0,1,0,0,"🚨 LOW STOCK (2 items): chocolate, household",snapshots_multiclass/low_stock_20251201_094233.jpg
2025-12-01 09:42:46,0,0,0,0,0,0,0,5,0,2,0,0,🚨 LOW STOCK (1 items): household,snapshots_multiclass/low_stock_20251201_094246.jpg
2025-12-01 09:42:46,0,0,0,0,0,0,0,5,0,2,0,0,🚨 LOW STOCK (1 items): household,snapshots_multiclass/low_stock_20251201_094246.jpg
2025-12-01 09:42:47,0,0,0,0,0,0,0,4,0,4,0,0,"🚨 LOW STOCK (2 items): drinks, household",snapshots_multiclass/low_stock_20251201_094247.jpg
2025-12-01 09:42:48,0,0,0,0,0,0,0,4,0,1,0,0,"🚨 LOW STOCK (2 items): drinks, household",snapshots_multiclass/low_stock_20251201_094248.jpg
2025-12-01 09:42:49,0,0,0,0,0,0,0,6,0,3,1,0,"🚨 LOW STOCK (2 items): household, snacks",snapshots_multiclass/low_stock_20251201_094249.jpg
2025-12-01 09:42:50,0,0,0,0,0,0,0,3,0,0,0,0,🚨 LOW STOCK (1 items): drinks,snapshots_multiclass/low_stock_20251201_094250.jpg
2025-12-01 09:42:51,0,0,0,0,0,0,0,3,0,0,0,0,🚨 LOW STOCK (1 items): drinks,snapshots_multiclass/low_stock_20251201_094251.jpg
2025-12-01 09:43:06,0,0,0,0,0,0,0,0,0,167,0,2,🚨 LOW STOCK (1 items): stationary,snapshots_multiclass/low_stock_20251201_094306.jpg
2025-12-01 09:43:06,0,0,1,0,0,0,0,0,0,166,0,2,"🚨 LOW STOCK (2 items): cake, stationary",snapshots_multiclass/low_stock_20251201_094306.jpg
2025-12-01 09:43:07,0,0,2,0,0,0,0,0,0,182,0,2,"🚨 LOW STOCK (2 items): cake, stationary",snapshots_multiclass/low_stock_20251201_094307.jpg
2025-12-01 09:43:08,0,0,1,0,0,0,0,0,0,177,0,2,"🚨 LOW STOCK (2 items): cake, stationary",snapshots_multiclass/low_stock_20251201_094308.jpg
2025-12-01 09:43:09,0,0,1,0,0,0,0,0,0,193,0,3,"🚨 LOW STOCK (2 items): cake, stationary",snapshots_multiclass/low_stock_20251201_094309.jpg
2025-12-01 09:43:10,0,0,2,0,0,0,0,0,0,176,0,4,"🚨 LOW STOCK (2 items): cake, stationary",snapshots_multiclass/low_stock_20251201_094310.jpg
2025-12-01 09:43:11,0,0,1,0,0,0,0,0,0,173,0,2,"🚨 LOW STOCK (2 items): cake, stationary",snapshots_multiclass/low_stock_20251201_094311.jpg
2025-12-01 09:43:12,0,0,1,0,0,0,0,0,0,173,0,2,"🚨 LOW STOCK (2 items): cake, stationary",snapshots_multiclass/low_stock_20251201_094312.jpg
